dataSet,ladder,smileLaugh,enjoyment,worry,sadness,depression,anger,income,household,television,computer,internetAccess,food,shelter,livingStandard,ticket,lawsuit,respect,learn,opportunity,time,emergency,gender,age,maritalStatus,residentialArea,education
toronto,2,2,2,2,2,2,2,25000,3,1,1,1,2,2,2,100, ,1,2,2,2,1,1,24,3,3,4
toronto,4,2,2,2,1,2,2,0,4,1,1,1,2,2,2,100,100,2,1,2,2,1,1,20,3,4,2
toronto,4,2,2,1,2,2,1,0,4,1,1,1,2,2,1,15, ,2,1,2,2,1,1,20,3,3,3
toronto,2,2,2,1,1,1,1,50000,3,1,1,1,2,2,1,100,100,2,1,2,2,1,1,19,3,3,2
toronto,10,2,2,1,1,1,1,0,2,1,1,1,1,2,2,50,9,1,2,2,2,1,1,20,1,3,3
toronto,7,1,2,1,2,2,2,80000,2,2,1,1,2,2,2,100,100,1,1,2,2,1,2,22,3,3,3
toronto,5,1,1,1,2,2,2,0,3,1,1,1,2,2,2,90,50,1,1,2,2,1,1,19,3,3,2
toronto,10,1,1,1,2,2,2,0,3,1,1,1,2,2,2,100,32,2,1,1,2,1,1,19,3,3,3
toronto,4,2,2,1,2,1,2,100000,4,1,1,1,2,2,2,0, ,1,1,2,1,2,2,21,2,3,3
toronto,6,1,1,2,2,2,2,0,1,2,1,1,1,2,2,100,100,1,1,2,2,1,2,22,2,3,4
toronto,6,2,2,1,1,1,2,2100,2,1,1,1,1,2,1,63,65,1,2,1,1,2,1,25,2,3,3
toronto,1,1,1,2,1,2,1,0,4,1,1,1,1,1,1,80,40,1,1,1,2,2,2,20,3,3,3
toronto,5,2,1,2,2,2,2,100000,2,1,1,1,2,2,2,100,50,1,2,1,1,1,1,30,1,4,5
toronto,5,2,1,2,2,2,2,220000,3,1,1,1,2,2,2,95,40,2,1,1,1,1,2,22,3,3,4
toronto,6,1,1,2,2,2,2,0,3,1,1,1,2,2,1,89,59,1,1,2,1,1,1,18,3,3,2
toronto,8,1,1,2,2,2,2,150000,4,1,1,1,2,2,1,100,100,1,1,1,2,1,2,47,1,3,3
toronto,6,1,1,2,2,2,2,5000,3,1,1,1,2,2,2,75,35,1,1,2,1,1,2,21,3,3,3
toronto,8,1,1,2,2,2,2,150000,4,1,1,1,2,2,2,100,100,1,2,1,1,1,1,47,1,3,3
toronto,9,1,1,2,2,2,2,0,4,1,1,1,2,2,1,90,80,1,1,2,1,1,1,19,6,3,2
toronto,8,1,1,2,2,2,2,65000,2,1,1,1,2,2,1,100,100,1,2,1,1,1,2,32,1,4,5
toronto,8,1,1,2,2,2,2,5000,3,1,1,1,2,2,1,100,100,1,1,1,2,1,1,20,3,3,2
toronto,8,2,2,1,2,2,2,30000,4,1,1,1,2,2,2,95,95,1,2,1,1,1,2,21,3,4,2
toronto,6,1,1,1,2,2,2,60000,4,1,1,1,2,2,2,100,40,1,1,2,1,1,1,24,3,4,4
toronto,1, ,2,1,2,2,1,0,3,1,1,1,2,2,1,100,70,1,1,1,2,1,1,19,3,3,3
toronto,7,1,2,1,1,2,2,20000,3,1,1,1,2,2,1,85,30,1,1,2,1,1,1,20,3,3,3
toronto,6,2,2,1,1,1,2,0,3,1,1,1,2,2,1,88,24,1,1,2,1,1,1,20,3,3,2
toronto,7,2,2,1,1,1,2,0,3,1,1,1,2,2,2,100,50,2,1,1,1,1,1,20,3,3,3
toronto,4,2,2,1,1,1,1,6000,3,1,1,1,2,2,1,40,9,1,2,1,1,1,1,22,3,3,3
toronto,8,2,1,1,1,1,1,15000,3,1,1,1,2,2,1,75,45,1,1,1,2,1,4,20,3,4,3
toronto,7,1,2,1,1,1,2,22000,2,2,1,1,1,2,1,0,3,2,1,1,1,1,1,24,3,3,3
toronto,9,2,2,2,2,2,2,0,2,1,1,1,2,1,1,40,20,1,1,2,1,1,1,18,3,3,3
toronto,9,1,1,2,1,2,1,0,4,1,1,1,1,2,2,28, ,1,2,1,1,1,3,19,6,3,2
toronto,4,1,1,1,1,1,2,0,3,1,1,1,1,1,2,56,27,1,1,2,1,1,1,21,3,3,3
toronto,7,1,1,2,2,2,2,80000,2,2,1,1,2,2,1,90,70,1,1,1,1,1,1,29,1,3,5
toronto,5,2,2,1,2,1,2,300000,4,2,1,1,2,2,1,100,100,1,1,1,1,1,2,20,3,3,3
toronto,2,2,2,2,2,2,2,800,3,1,1,1,2,2,2, , ,1,1,1,1,1,1,22,3,3,5
toronto,1,2,2,2,2,2,2,0,3,1,1,1,2,2,1,100,100,1,1,1,1,1, ,19,3,3,2
toronto,4,1,1,2,2,2,2,0,6,1,1,1,2,2,1,61,0,1,1,1,1,1,1,21,3,3,2
toronto,1,1,1,2,2,2,2,60000,2,1,1,1,2,2,1,100,50,1,1,1,1,1,1,27,2,3,2
toronto,7,1,1,2,2,2,2,14400,2,1,1,1,2,2,1,100,80,1,1,1,1,1,1,20,3,3,3
toronto,5,1,1,2,2,2,2,0,4,1,1,1,2,2,2,80,81,1,1,1,1,1,2,20,3,3,3
toronto,4,1,1,2,2,2,2,100000,4,1,1,1,2,2,1,100,100,1,1,1,1,1,1,19,3,3,3
toronto,8,1,1,2,2,2,2,30000,3,1,1,1,2,2,1,100,100,1,1,1,1,1,1,20,2,3,2
toronto,4,1,1,2,2,2,2,0,4,1,1,1,2,2,1,100,100,1,1,1,1,1,1,20,3,3,2
toronto,10,2,2,1,2,2,2,0,4,1,1,1,2,2,2,25,10,1,1,1,1,1,1,20,3,3,3
toronto,7,2,2,1,2,2,2,200000,3,1,1,1,2,2,1,69,40,1,1,1,1,1,1,20,3,3,2
toronto,6,1,1,1,2,2,2,45000,3,1,1,1,2,2,2,67,30,1,1,1,1,1,1,19,3,3,3
toronto,6,1,1,1,2,2,2,0,3,1,1,1,2,2,1,100,70,1,1,1,1,1,2,22,2,3,3
toronto,1,2,1,1,2,2,1,100000,4,1,1,1,2,2,1,40,18,1,1,1,1,1,1,22,3,2,3
toronto,6,1,2,1,1,1,2,0,3,1,1,1,2,2,1,60,30,1,1,1,1,1,1,18,3,4,2
toronto,7,1,1,1,2,1,1,6000,4,1,1,1,2,2,1,95,99,1,1,1,1,1,1,20,3,3,3
toronto,1,1,1,1,1,1,2,180000,3,1,1,1,2,2,2,56,82,1,1,1, ,1,2,22,3,3,4
toronto,7,1,1,1,2,1,1,0,1,1,1,1,2,2,1,50,33,1,1,1,1,1,1,19,3,3,2
toronto,10,1,1,1,1,1,1,50000,2,1,1,1,2,2,2,100,100,1,1,1,1,1, , , , , 
toronto,8,1,1,1,1,1,2,0,3,2,1,1,1,2,1,65,55,1,1,1,1,1,1,20,3,3,3
toronto,9,1,1,2,2,1,2,0,3,1,1,1,1,2,2,80,50,1,1,1,1,1,3,19,3,4,3
toronto,4,2,2,1,2,1,1,0,3,1,1,1,1,2,2,17,0,1,1,1,1,1,2,23,3,3,3
vienna,7,2,2,1,2,2,2,NA,NA,1,1,1,2,2,1,11,7,1,1,1,2,1,2,23,3,3,1
vienna,8,1,1,2,2,2,2,25000,1,1,1,1,2,2,1,11,11,1,1,1,1,1,1,24,2,3,4
vienna,8,1,1,2,2,2,2,NA,2,1,1,1,2,2,1,11,11,1,2,1,2,1,1,23,2,3,4
vienna,7,1,2,2,2,2,2,14000,4,1,1,1,2,2,1,11,6,2,1,1,1,1,1,24,3,3,4
vienna,7,1,1,2,2,2,2,15000,2,1,1,1,2,2,1,11,10,1,1,2,2,1,2,24,2,3,3
vienna,7,1,1,2,2,2,2,1000,3,2,1,1,2,2,1,11,10,1,2,2,1,1,2,22,2,3,4
vienna,5,2,1,2,2,2,2,1500,1,1,1,1,1,2,1,11,8,1,1,1,1,1,1,32,3,3,3
vienna,9,1,1,1,2,2,2,NA,3,1,1,1,2,2,1,11,11,1,1,1,1,1,1,24,2,3,2
vienna,5,1,1,2,2,2,2,9600,2,2,1,1,2,2,1,9,3,1,1,1,1,1,2,23,2,3,3
vienna,7,2,2,2,2,2,2,1.00E+05,4,2,1,1,2,2,1,10,8,1,1,2,2,1,2,23,3,3,4
vienna,8,2,1,2,2,2,2,1500,1,1,1,1,2,2,1,11,6,1,2,2,1,1,1,30,3,3,4
vienna,7,2,2,2,2,2,2,30000,2,1,1,1,2,2,1,11,6,1,1,1,1,1,2,32,2,3,3
vienna,8,2,1,2,2,2,2,9000,1,2,1,1,2,2,1,11,9,1,1,2,1,1,2,25,2,3,4
vienna,8,2,2,2,2,2,2,2300,1,1,1,1,2,2,1,11,11,1,1,1,1,1,2,27,3,3,3
vienna,7,1,1,2,2,2,2,13000,1,2,1,1,2,2,1,11,11,1,1,2,1,1,2,23,3,3,4
vienna,8,1,1,2,2,2,2,50000,2,1,1,1,2,2,1,10,10,1,1,2,1,1,2,23,2,3,3
vienna,7,2,2,1,1,2,2,17028,1,2,1,1,2,2,1,11,6,1,1,2,2,1,2,23,2,3,4
vienna,6,2,2,1,1,2,1,NA,1,2,1,1,2,2,1,9,9,1,1,2,2,1,2,25,2,3,4
vienna,5,2,2,1,2,2,2,39000,1,2,1,1,2,2,1,10,8,1,1,2,1,1,2,31,3,3,4
vienna,7,1,1,2,2,2,2,24500,2,2,1,1,2,2,1,8,11,1,1,1,2,1,2,27,2,3,3
vienna,7,1,1,2,2,2,2,120000,4,1,1,1,2,2,1,11,6,1,2,1,2,1,2,22,3,1,3
vienna,7,1,2,1,2,2,2,0,NA,2,1,1,2,2,1,9,6,1,1,1,1,1,2,24,3,NA,4
vienna,8,1,1,1,2,2,2,40000,2,1,1,1,2,2,1,11,11,1,2,2,1,1,2,26,2,3,4
vienna,7,2,2,1,1,2,1,25000,3,1,1,1,2,2,1,11,11,1,1,1,2,1,2,39,2,3,4
vienna,9,1,2,1,2,2,2,8000,2,2,1,1,1,2,2,11,4,1,1,2,2,1,2,24,2,3,1
vienna,9,1,1,2,2,2,2,10800,1,2,1,1,2,2,2,10,7,1,2,1,1,1,2,24,2,3,3
vienna,6,2,2,2,2,2,2,12000,2,2,1,1,2,2,1,11,9,1,1,2,2,1,1,27,3,3,4
vienna,8,1,1,2,2,2,2,7200,1,1,1,1,2,2,1,11,10,1,1,1,1,1,2,24,3,3,3
vienna,8,1,1,2,2,2,2,30000,4,1,1,1,2,2,1,11,11,1,1,2,2,1,1,30,1,3,4
vienna,6,1,2,2,2,2,2,15000,1,1,1,1,2,2,1,11,8,1,2,1,2,1,1,24,3,3,3
vienna,8,1,1,2,2,2,2,700,2,2,1,1,2,2,1,11,11,1,2,1,1,1,2,25,3,3,4
vienna,8,1,1,2,2,2,2,75000,2,2,1,1,2,2,1,11,11,1,1,1,2,1,1,30,2,3,4
vienna,3,1,2,1,1,2,1,8680,1,2,1,1,1,2,1,9,4,1,1,2,2,1,2,23,2,3,3
vienna,5,1,2,2,2,2,2,46000,1,2,1,1,2,2,1,11,8,1,1,1,1,1,2,30,3,3,4
vienna,6,2,2,1,2,2,2,12000,1,2,1,1,2,2,1,11,11,1,1,1,1,1,2,23,2,3,4
vienna,8,1,1,2,2,2,2,50000,2,1,1,1,2,2,1,10,10,1,2,2,2,1,2,25,2,3,4
vienna,6,2,2,1,1,1,1,25000,1,2,1,1,2,2,1,11,8,1,1,2,2,1,1,27,3,3,4
vienna,6,1,1,2,2,2,2,7000,2,1,1,1,1,2,2,11,10,1,2,2,1,1,2,24,2,3,4
vienna,8,2,1,2,2,2,2,12000,1,2,1,1,2,2,1,11,9,1,1,1,1,1,2,23,2,3,3
vienna,7,1,1,2,2,2,2,1500,3,1,1,1,2,2,1,11,9,1,1,2,1,1,1,21,2,3,2
vienna,6,1,1,1,2,2,2,6000,3,1,1,1,2,2,2,11,7,1,1,1,1,1,1,22,3,3,2
vienna,8,1,1,2,2,2,2,8500,2,2,1,1,2,2,1,11,11,2,1,2,2,1,1,25,2,3,4
vienna,7,1,2,2,2,2,2,NA,5,2,1,1,2,2,1,11,8,1,1,1,2,1,2,22,3,3,3
vienna,6,1,2,2,2,2,2,25000,1,1,1,1,2,2,1,11,11,1,1,1,1,1,1,25,3,3,3
vienna,7,1,1,2,2,2,2,NA,2,2,1,1,2,2,2,9,7,1,1,2,2,1,3,23,2,3,3
vienna,7,2,1,2,2,2,2,10000,4,2,1,1,2,2,1,11,10,1,1,1,1,1,2,26,3,3,3
vienna,7,1,1,2,2,2,2,NA,2,1,1,1,2,2,1,11,8,1,1,1,1,1,2,24,2,3,3
vienna,8,1,1,2,2,2,2,13136,1,1,1,1,2,2,1,11,11,1,2,1,1,1,1,24,2,3,3
vienna,6,1,1,2,2,2,2,NA,2,1,1,1,2,2,1,6,2,1,1,2,2,1,2,20,3,3,2
vienna,6,1,1,2,2,2,2,18000,2,1,1,1,2,2,1,11,7,1,1,1,1,1,1,23,2,3,4
vienna,7,1,1,2,2,2,2,12000,3,1,1,1,2,2,1,10,8,1,1,1,2,1,2,20,2,3,2
vienna,8,1,1,2,2,2,2,NA,3,2,1,1,2,2,1,11,6,1,1,2,2,1,2,23,3,2,3
vienna,7,1,1,2,2,2,2,7000,1,2,1,1,1,2,1,11,11,1,1,2,1,1,2,25,3,3,2
vienna,9,2,1,2,2,2,2,30000,1,2,1,1,2,2,1,11,11,1,1,1,1,1,1,28,2,4,3
vienna,8,1,1,2,2,2,2,30000,2,2,1,1,2,2,1,11,9,1,2,1,1,1,2,28,3,3,3
vienna,7,1,2,1,2,2,2,20000,1,2,1,1,2,2,1,11,8,1,1,2,1,1,2,26,2,3,4
vienna,7,1,2,2,2,2,2,12000,4,1,1,1,2,2,1,9,5,1,2,2,1,1,1,26,3,3,3
vienna,8,1,1,2,2,2,2,20000,4,1,1,1,2,2,1,11,11,1,1,1,1,1,1,25,2,3,4
vienna,6,2,1,2,2,2,2,12000,1,2,2,1,2,2,1,11,9,1,1,2,2,1,2,22,2,3,4
vienna,9,1,2,1,2,2,2,14000,2,1,1,1,2,2,1,11,11,1,1,2,1,1,2,24,2,3,3
vienna,9,2,2,1,1,2,1,1500,3,1,2,1,2,2,1,11,11,2,1,1,1,1,1,26,2,3,3
vienna,8,1,1,2,2,2,2,15000,3,1,1,1,2,2,1,11,11,1,1,1,1,1,1,25,2,3,4
vienna,6,1,1,2,2,2,2,12000,3,2,1,1,2,2,1,11,10,1,1,2,1,1,2,25,2,3,4
vienna,3,1,1,2,2,2,2,179000,5,1,1,1,2,2,1,11,10,1,1,1,1,1,2,24,3,1,4
vienna,8,2,2,2,2,2,2,2000,1,2,1,1,2,2,1,11,8,1,2,1,1,1,2,25,2,3,3
vienna,7,1,1,2,2,2,2,12000,2,2,1,1,2,2,1,11,11,1,1,1,1,1,2,28,2,3,4
vienna,5,1,1,2,2,2,2,10000,3,1,1,1,2,2,1,11,9,1,2,2,1,1,2,22,3,3,3
vienna,6,1,1,2,2,2,2,20000,1,1,1,1,2,2,2,11,11,1,2,2,1,1,1,25,2,3,2
vienna,8,1,1,2,2,2,2,1500,5,1,1,1,2,2,1,11,11,2,1,1,1,1,2,20,2,2,2
vienna,8,1,1,2,2,2,2,80000,3,1,1,1,2,2,1,11,11,1,2,1,1,1,2,21,3,1,2
vienna,8,1,1,2,2,2,2,300,2,1,2,1,2,2,1,11,7,1,1,1,1,1,2,20,2,2,1
vienna,7,1,1,2,2,2,2,NA,2,1,1,1,2,2,1,11,9,1,1,1,1,1,2,20,3,3,2
vienna,5,1,1,2,2,2,2,21000,1,1,1,1,2,2,1,11,11,1,1,1,1,1,1,23,3,1,3
vienna,7,1,1,2,2,2,2,NA,5,1,1,1,2,2,1,11,11,1,1,1,1,1,2,19,3,1,2
vienna,5,2,2,2,1,1,2,NA,NA,1,1,1,2,2,1,8,2,1,1,1,1,1,2,NA,3,2,3
vienna,7,1,1,2,2,2,2,26000,2,1,1,1,2,2,1,11,10,1,1,2,1,1,2,20,2,2,2
vienna,5,1,1,2,2,2,1,30000,2,1,1,1,1,2,2,9,7,2,2,2,2,1,2,21,2,2,2
vienna,7,2,2,2,2,2,2,21600,2,2,1,1,2,2,1,11,11,1,1,2,1,1,2,24,2,3,4
vienna,6,1,1,2,2,2,2,125000,3,1,1,1,2,2,1,11,10,1,2,1,2,1,2,21,2,1,2
vienna,6,1,1,2,2,2,2,10000,6,1,1,1,2,2,1,10,8,1,2,1,1,1,2,23,2,3,3
vienna,7,1,1,2,2,2,2,NA,NA,2,1,1,2,2,1,7,7,1,1,1,1,1,1,22,3,3,2
vienna,3,1,1,2,2,2,2,2200,3,1,1,1,2,2,1,6,1,1,1,1,1,1,2,20,2,1,2
vienna,8,1,1,2,2,2,2,45000,1,1,1,1,2,2,1,11,11,1,1,1,1,1,1,24,3,3,3
vienna,8,1,1,2,2,2,2,40000,1,2,1,1,2,2,2,11,8,1,1,2,2,1,1,23,NA,NA,3
vienna,8,1,2,2,1,1,2,12000,1,2,1,1,2,2,1,11,11,1,1,2,1,1,2,28,3,3,4
vienna,7,1,1,2,2,2,2,12000,1,1,1,1,2,2,1,10,8,1,1,2,1,1,2,24,3,3,4
vienna,7,1,1,2,2,2,2,25000,1,1,1,1,2,2,1,11,11,1,2,1,1,1,1,25,3,3,4
vienna,9,1,1,2,2,2,2,85000,3,1,1,1,2,2,1,11,11,1,1,1,1,1,2,24,3,3,3
vienna,7,1,1,2,2,2,2,50000,4,1,1,1,2,2,1,10,8,1,1,2,1,1,2,24,2,4,3
vienna,4,2,2,2,1,2,2,NA,2,1,1,1,2,2,2,11,7,1,2,2,2,1,2,26,2,4,3
vienna,7,1,1,2,2,2,2,48000,2,1,1,1,2,2,1,11,11,1,2,2,1,1,1,23,2,3,3
vienna,5,1,1,2,2,2,2,10000,1,2,1,1,2,2,1,11,10,1,1,1,1,1,2,23,2,3,3
vienna,6,2,2,1,1,1,2,25000,2,1,1,1,2,2,1,9,8,1,2,2,1,1,2,25,2,3,4
vienna,7,1,1,2,2,2,2,15000,2,1,1,1,2,2,1,11,9,1,1,1,1,1,2,23,2,3,4
vienna,7,2,2,1,1,2,1,35000,2,1,1,1,2,2,1,11,11,1,1,2,1,1,2,26,2,1,2
vienna,5,1,1,2,2,2,2,20000,3,1,1,1,2,2,2,8,6,1,1,1,1,1,2,25,3,1,4
vienna,6,1,1,2,2,2,2,NA,2,2,1,1,2,2,1,10,5,1,2,1,2,1,2,25,2,3,4
vienna,4,2,2,2,1,2,2,14000,1,2,1,1,1,2,1,10,2,1,1,2,1,1,1,25,2,3,4
vienna,5,2,1,2,2,2,2,NA,2,1,1,1,2,2,1,11,11,1,2,1,1,1,1,22,2,3,2
vienna,8,1,1,2,2,2,2,NA,3,1,1,1,2,2,1,10,9,1,2,1,1,1,2,21,2,3,3
vienna,5,1,1,2,2,2,2,6000,2,1,2,1,2,2,1,11,1,1,1,1,1,1,2,22,2,3,2
vienna,7,1,1,2,2,2,2,4000,2,1,1,1,2,2,1,9,6,1,1,2,2,1,1,23,3,3,3
vienna,6,1,1,2,2,2,2,20000,4,1,2,1,2,2,1,8,7,1,1,2,2,1,2,23,3,3,NA
vienna,9,2,2,1,2,2,2,140000,4,1,1,1,2,2,1,11,11,1,1,1,1,1,1,22,3,4,2
vienna,8,2,1,2,2,2,2,NA,4,1,1,1,2,2,1,11,9,1,1,2,1,1,1,22,2,2,3
vienna,7,1,1,2,2,2,2,120000,4,1,1,1,2,2,1,11,11,1,1,2,1,1,1,22,3,3,3
vienna,7,1,1,2,2,2,2,NA,5,1,1,1,2,1,1,3,2,1,2,2,1,1,2,20,3,3,2
vienna,6,2,2,1,1,1,2,0,1,2,1,1,2,2,1,5,2,1,1,1,1,2,3,25,3,3,2
vienna,6,1,1,2,2,2,2,24000,1,1,1,1,2,2,1,11,11,1,1,2,1,1,2,23,2,4,3
vienna,7,1,1,2,2,2,2,0,3,1,1,1,2,2,1,10,9,1,1,1,1,1,2,24,2,3,4
vienna,9,1,1,2,2,2,2,12000,1,1,1,1,2,2,1,11,11,1,1,2,1,1,1,24,3,3,4
vienna,7,1,1,2,2,2,2,54000,1,1,1,1,2,2,1,11,11,1,1,1,2,1,1,23,2,3,3
vienna,6,1,1,2,2,2,2,21000,2,1,1,1,2,2,1,10,9,1,2,2,2,1,2,24,2,3,4
vienna,9,1,1,2,2,2,2,120000,3,1,1,1,2,2,1,11,11,1,2,2,1,1,1,22,3,4,3
vienna,8,2,2,2,2,2,2,80000,2,1,1,1,2,2,1,10,10,1,1,1,1,1,2,23,2,3,3
vienna,7,1,1,2,2,2,2,NA,2,1,1,1,2,2,1,11,7,1,2,1,1,1,2,23,2,3,4
vienna,2,2,2,1,1,1,2,14400,2,1,1,1,1,1,2,4,1,1,1,2,2,1,2,22,2,3,2
vienna,6,1,2,2,2,2,2,1.00E+05,2,1,1,1,2,2,1,10,5,1,2,2,1,1,2,22,2,3,3
vienna,6,1,2,1,2,2,2,11700,1,1,1,1,2,2,1,11,10,1,1,1,1,1,1,24,3,3,4
vienna,8,1,1,2,2,2,2,40000,2,1,1,1,2,2,1,11,11,1,2,2,1,1,2,22,3,4,2
vienna,8,1,1,2,2,2,2,6000,2,1,1,1,2,2,1,11,10,1,1,2,1,1,1,22,3,1,3
vienna,7,1,2,1,2,1,2,10000,1,2,1,1,2,2,2,11,8,1,1,1,1,1,1,23,3,3,4
vienna,7,1,1,2,2,2,2,53000,2,2,1,1,2,2,1,11,10,1,1,1,1,1,1,27,2,3,4
vienna,8,1,1,2,2,2,2,60000,2,1,1,1,2,2,1,11,11,1,1,1,1,1,1,29,2,3,4
vienna,7,1,2,1,1,2,2,NA,3,1,2,1,2,2,1,8,6,1,1,2,2,1,1,20,2,3,2
vienna,8,1,1,2,2,2,2,NA,1,2,1,1,2,2,1,11,11,1,1,1,1,1,1,26,3,2,4
vienna,7,1,1,2,2,2,2,42000,2,1,1,1,2,2,1,11,11,1,1,1,1,1,2,25,2,2,3
vienna,6,1,2,2,2,2,2,19000,1,1,1,1,2,2,1,11,9,1,2,1,2,1,1,27,3,2,3
vienna,10,2,2,1,2,2,2,1500,2,1,1,1,2,2,1,11,11,1,2,1,1,1,1,26,2,3,3
vienna,8,2,2,2,2,2,2,42000,1,1,1,1,2,2,1,10,7,1,2,2,1,1,1,29,2,3,4
vienna,6,1,1,2,2,2,2,0,3,1,1,1,2,2,1,11,11,1,1,1,1,1,2,23,2,3,4
vienna,6,1,2,2,2,2,2,45000,2,1,1,1,2,2,1,11,10,1,2,2,2,1,1,24,2,3,4
vienna,7,1,1,2,2,2,2,25000,2,1,1,1,2,2,1,11,11,1,2,2,1,1,1,25,2,3,4
vienna,7,2,2,1,2,2,1,35000,1,1,1,1,2,2,1,11,8,1,1,1,1,1,1,29,4,4,4
vienna,7,1,2,2,2,2,2,12000,4,1,1,1,2,2,1,9,8,1,1,2,1,1,1,25,2,3,4
vienna,7,1,1,2,2,2,2,70000,4,1,1,1,2,2,1,11,10,1,1,2,1,1,2,22,3,1,2
vienna,5,1,1,2,2,2,2,0,4,1,1,1,2,2,1,11,4,1,1,2,1,1,1,22,3,3,2
vienna,8,2,2,2,2,2,2,NA,3,1,1,1,2,2,1,11,11,1,2,1,1,1,2,23,3,4,4
vienna,5,1,2,2,2,2,2,3500,3500,1,1,1,2,2,1,11,11,1,2,2,1,1,2,26,2,3,3
vienna,7,1,1,2,2,2,2,13200,1,1,1,1,2,2,1,11,11,1,1,2,1,1,2,25,2,3,4
vienna,8,1,1,2,2,2,2,13000,1,2,1,1,2,2,1,11,8,1,2,2,1,1,2,25,2,3,3
vienna,7,2,2,2,2,2,2,10000,1,2,1,1,2,2,1,11,7,1,1,2,2,1,1,24,3,3,3
vienna,8,1,1,2,2,2,2,4000,3,2,1,1,2,2,1,11,11,1,1,1,1,1,2,24,2,3,3
vienna,5,1,1,2,2,2,2,65000,3,1,1,1,2,2,1,11,11,1,2,2,2,1,2,26,2,3,4
vienna,3,1,2,2,2,2,2,36000,3,2,1,1,2,2,1,10,8,1,1,2,1,1,1,26,2,3,4
vienna,5,2,2,1,1,1,2,10000,1,1,1,1,2,2,1,11,2,1,1,1,1,1,1,29,3,3,4
vienna,9,1,1,2,2,2,2,15000,2,1,1,1,2,2,1,11,8,1,1,1,1,1,2,24,2,4,4
vienna,7,1,1,2,2,2,2,32000,2,1,1,1,2,2,1,11,11,1,2,1,2,1,1,33,2,3,4
vienna,7,1,2,2,2,2,2,5000,5,2,1,1,2,2,1,11,5,1,2,2,1,1,1,25,3,3,3
vienna,8,2,2,1,1,1,2,12000,2,1,1,1,2,2,1,10,4,1,1,2,2,1,2,24,2,3,3
vienna,5,1,1,2,2,2,2,NA,NA,2,1,1,2,2,1,11,10,1,1,1,1,1,2,NA,3,3,4
vienna,7,1,1,2,2,2,2,75700,2,1,1,1,2,2,1,9,4,1,1,2,1,1,2,23,2,3,4
vienna,7,1,1,1,2,2,2,10000,2,2,1,1,2,2,1,11,9,1,1,1,1,1,2,24,2,3,4
vienna,5,2,2,1,2,2,2,12000,1,2,1,1,2,2,1,8,4,1,2,1,1,1,2,24,2,3,3
vienna,3,2,2,1,2,2,2,18000,3,1,1,1,1,2,1,11,6,2,1,2,1,1,1,24,2,3,3
vienna,8,1,2,2,2,2,2,44000,2,2,1,1,2,2,1,11,11,1,1,1,1,1,2,25,2,3,3
vienna,7,1,1,1,2,2,2,12600,3,2,1,1,2,2,1,11,8,1,1,1,1,1,1,29,2,3,4
vienna,7,1,1,2,2,2,2,0,3,2,1,1,2,2,1,7,6,1,2,1,1,1,2,23,3,3,3
vienna,8,2,1,2,2,2,2,82600,1,1,1,1,2,2,1,11,11,1,1,1,1,1,1,36,3,3,2
vienna,8,1,2,2,2,2,2,10200,1,2,1,1,2,2,1,10,8,1,2,2,1,1,2,24,3,3,4
vienna,6,1,1,2,2,2,2,17000,3,1,1,1,2,2,2,11,8,1,1,2,2,1,1,27,3,3,2
vienna,8,1,1,2,2,2,2,28000,1,1,1,1,2,2,1,11,11,1,1,1,1,1,2,23,2,4,3
vienna,5,1,1,2,2,2,2,10000,1,1,1,1,2,2,2,8,2,1,1,1,1,1,1,25,2,3,4
2018spring,8,1,1,1,1,1,1,NA,,1,1,1,1,1,1,,,1,1,1,1,1,2,31,2,2,2
2018spring,8,1,1,2,2,2,2,NA,1,1,1,1,2,2,1,,,1,1,1,1,1,2,31,2,2,2
2018spring,NA,NA,NA,NA,NA,NA,NA,NA,,NA,NA,NA,NA,NA,NA,,,NA,NA,NA,NA,NA,NA,,NA,NA,NA
2018spring,NA,NA,NA,NA,NA,NA,NA,NA,,NA,NA,NA,NA,NA,NA,,,NA,NA,NA,NA,NA,NA,,NA,NA,NA
2018spring,NA,NA,NA,NA,NA,2,NA,NA,,NA,NA,NA,NA,NA,NA,,,NA,NA,NA,NA,NA,NA,,NA,NA,NA
2018spring,NA,NA,NA,NA,NA,NA,NA,NA,,NA,NA,NA,NA,NA,NA,,,NA,NA,NA,NA,NA,NA,,NA,NA,NA
2018spring,NA,NA,NA,NA,NA,NA,NA,NA,,NA,NA,NA,NA,NA,NA,,,NA,NA,NA,NA,NA,NA,,NA,NA,NA
2018spring,7,2,2,2,2,2,1,NA,3,1,1,1,2,2,1,,,1,2,2,1,1,1,20,3,3,3
2018spring,NA,NA,NA,NA,NA,NA,NA,NA,,NA,NA,NA,NA,NA,NA,,,NA,NA,NA,NA,NA,NA,,NA,NA,NA
2018spring,NA,NA,NA,NA,NA,NA,NA,NA,,NA,NA,NA,NA,NA,NA,,,NA,NA,NA,NA,NA,NA,,NA,NA,NA
2018spring,NA,NA,NA,NA,NA,NA,NA,NA,,NA,NA,NA,NA,NA,NA,,,NA,NA,NA,NA,NA,NA,,NA,NA,NA
2018spring,NA,NA,NA,NA,NA,NA,NA,NA,,NA,NA,NA,NA,NA,NA,,,NA,NA,NA,NA,NA,NA,,NA,NA,NA
2018spring,7,2,2,2,2,2,2,33000,4,1,1,1,2,2,1,,,1,1,1,1,1,2,20,3,4,2
2018spring,5,2,2,1,1,1,2,20000,1,2,1,1,2,2,2,,,1,1,1,2,1,2,32,2,3,3
2018spring,10,1,1,2,2,2,2,90000,6,1,1,1,2,2,2,,,1,1,2,1,1,2,20,3,4,3
2018spring,6,1,1,1,1,2,2,60000,2,1,1,1,2,2,1,,,1,1,1,1,1,2,21,3,3,3
2018spring,7,1,1,1,1,1,2,50000,5,1,1,1,2,2,1,,,1,1,2,2,1,2,18,3,4,3
2018spring,9,1,1,2,2,2,1,170000,4,1,1,1,2,2,1,,,1,1,1,1,1,1,19,3,3,3
2018spring,1,2,2,1,1,1,1,99000,5,1,1,1,1,2,2,,,2,1,2,2,1,2,18,3,3,3
2018spring,5,1,1,1,2,2,2,0,2,1,1,1,2,2,1,,,1,1,2,2,1,2,28,1,3,4
2018spring,9,1,1,1,2,2,1,175000,4,1,1,1,2,2,1,,,1,2,2,1,1,2,19,3,3,3
2018spring,4,1,1,1,2,2,2,30000,2,1,1,1,2,2,2,,,1,1,2,1,1,1,19,2,4,3
2018spring,8,1,1,2,2,2,2,10000,3,1,1,1,2,2,1,,,1,1,1,1,1,1,21,3,3,2
2018spring,9,1,1,1,2,2,2,30000,3,1,1,1,2,2,1,,,1,1,1,1,1,1,19,3,3,3
2018spring,7,1,2,1,1,1,2,10000,7,1,1,1,2,2,1,,,1,1,2,1,1,2,18,6,3,3
2018spring,NA,NA,NA,NA,NA,NA,NA,NA,,NA,NA,NA,NA,NA,NA,,,NA,NA,NA,NA,NA,NA,,NA,NA,NA
2018spring,8,2,2,2,2,1,2,4.00E+05,4,1,1,1,2,2,1,,,1,2,2,1,1,2,18,3,3,3
2018spring,9,2,1,1,2,2,2,NA,,1,1,1,2,2,1,,,1,1,2,1,2,2,18+,3,3,4
2018spring,11,1,1,2,2,2,2,25000,2,1,1,1,2,2,2,,,1,1,1,1,1,2,49,6,4,3
2018spring,8,2,2,1,1,1,2,250000,3,1,1,1,2,2,1,,,1,1,1,1,1,2,19,3,2,3
2018spring,9,1,2,1,1,2,2,40000,5,1,1,1,2,2,1,,,1,1,2,2,1,2,20,3,3,2
2018spring,8,2,2,1,1,2,2,65000,4,1,1,1,2,2,1,,,1,1,2,1,1,2,21,3,3,3
2018spring,5,1,1,1,1,1,2,40000,4,1,1,1,2,2,1,,,1,1,1,1,1,1,19,3,3,3
2018spring,10,1,1,2,2,2,2,20000,1,1,1,1,2,2,2,,,1,1,1,1,1,1,27,3,3,4
2018spring,9,1,1,2,2,2,2,40000,4,1,1,1,1,2,1,,,1,1,1,1,1,1,19,2,3,3
2018spring,9,1,1,1,2,2,2,21000,1,2,1,1,2,2,1,,,1,1,1,1,1,1,29,3,3,4
2018spring,8,2,1,1,2,2,2,NA,4,1,1,1,2,2,1,,,1,1,1,1,1,1,18,3,3,3
2018spring,8,1,1,2,2,2,2,1.00E+05,10,1,2,1,2,2,1,,,1,2,2,1,1,2,20,6,3,3
2018spring,8,2,1,2,1,2,1,NA,8,1,1,1,2,2,1,,,1,1,1,1,1,1,19,3,4,3
2018spring,8,1,1,1,2,1,2,97000,5,1,1,1,2,2,1,,,1,1,1,1,1,1,19,2,4,3
2018spring,8,1,1,1,2,2,2,16000,1,1,1,1,2,2,1,,,1,1,1,1,1,1,29,3,3,4
2018spring,11,1,1,2,2,2,2,50000,3,1,1,1,2,2,1,,,1,1,1,1,1,1,19,3,4,3
2018spring,8,1,1,1,2,2,2,85000,4,1,1,1,2,2,1,,,1,1,1,1,1,1,22,3,3,4
2018spring,5,2,1,1,2,2,2,50000,3,1,1,1,2,2,2,,,1,1,1,1,1,1,21,3,3,3
2018spring,7,1,1,1,2,2,1,NA,3,1,1,1,2,2,1,,,1,1,1,1,2,2,21,3,3,3
2018spring,9,1,1,2,2,2,2,NA,4,1,1,1,2,2,1,,,1,2,2,1,1,2,21,3,3,3
2018spring,11,1,1,2,2,1,2,60000,3,1,1,1,2,2,1,,,1,1,1,1,2,1,21,3,3,3
2018spring,11,1,1,2,2,2,2,NA,4,1,1,1,2,1,1,,,1,1,1,1,2,1,23,2,3,3
2018spring,7,2,1,2,2,2,2,60000,3,1,1,1,2,2,2,,,1,1,1,1,1,1,22,3,4,4
2018spring,7,1,1,2,2,2,2,30000,6,1,1,1,2,2,1,,,1,2,1,1,1,2,19,3,3,3
2018spring,9,1,2,1,2,2,2,140000,4,1,1,1,2,2,1,,,1,1,2,1,1,1,23,3,3,4
2018spring,10,1,1,2,2,2,2,NA,9,1,1,1,2,2,1,,,1,2,1,1,1,1,21,3,2,3
2018spring,7,1,1,2,2,2,2,150000,3,1,1,1,2,2,1,,,1,1,1,1,1,2,19,3,4,3
2018spring,5,2,2,1,1,1,2,1.00E+05,3,1,1,1,2,2,1,,,1,1,2,2,1,1,19,3,4,3
2018spring,5,1,1,1,2,2,2,60000,5,1,1,1,2,2,2,,,1,2,2,1,1,2,19,3,4,3
2018spring,7,1,1,2,2,2,2,0,1,1,1,1,2,2,1,,,2,2,2,1,1,2,20,3,3,3
2018spring,9,1,2,2,2,2,2,75000,4,1,1,1,2,2,1,,,1,1,2,1,1,1,20,3,4,2
2018spring,9,1,1,1,2,2,2,3.00E+05,5,1,1,1,2,2,1,,,1,1,1,1,1,2,21,3,4,3
2018spring,8,1,1,1,1,2,2,NA,,1,1,1,2,2,1,,,1,2,1,1,1,2,20,3,3,3
2018spring,8,1,1,2,2,2,2,NA,5,1,1,1,2,2,1,,,1,1,1,1,1,1,20,3,4,3
2018spring,5,2,2,2,2,2,2,50000,6,1,1,1,2,2,1,,,1,2,2,1,1,1,19,3,3,3
2018spring,NA,NA,NA,NA,NA,NA,NA,NA,,NA,NA,NA,NA,NA,NA,,,NA,NA,NA,NA,NA,NA,,NA,NA,NA
2018spring,NA,NA,NA,NA,NA,NA,NA,NA,,NA,NA,NA,NA,NA,NA,,,NA,NA,NA,NA,NA,NA,,NA,NA,NA
2018spring,8,1,1,2,2,2,2,120000,5,1,1,1,2,2,1,,,1,1,1,1,1,2,19,3,3,3
2018spring,7,1,1,1,1,2,1,80000,4,1,1,1,2,2,1,,,1,1,1,1,1,1,20,3,3,3
2018spring,9,1,1,2,2,2,2,NA,4,1,1,1,2,2,1,,,1,1,2,1,1,1,22,3,3,4
2018spring,6,1,2,1,1,2,1,10000,4,1,1,1,2,2,1,,,1,1,1,2,1,1,20,3,3,3
2018spring,6,1,2,1,2,2,2,90000,4,1,1,1,2,2,1,,,1,1,1,1,1,1,20,3,3,3
2018spring,9,1,1,1,2,2,2,NA,4,1,1,1,2,2,1,,,1,1,1,1,1,1,22,3,3,3
2018spring,8,1,1,1,2,2,2,150000,7,1,1,1,2,2,1,,,1,1,1,1,1,2,21,2,1,3
2018spring,7,1,1,1,2,2,2,80000,5,1,1,1,2,2,1,,,1,1,1,1,1,2,18,3,3,3
2018spring,7,1,1,2,2,2,2,NA,5,1,1,1,2,2,1,,,1,2,1,2,1,1,21,3,3,3
2018spring,7,2,2,2,2,2,2,1.00E+05,3,1,1,1,2,2,1,,,1,1,2,1,1,1,19,3,3,2
2018spring,5,1,1,1,2,2,2,86000,2,1,1,1,2,2,1,,,1,1,2,1,1,2,26,2,3,4
2018spring,NA,NA,NA,NA,NA,NA,NA,NA,,NA,NA,NA,NA,NA,NA,,,NA,NA,NA,NA,NA,NA,,NA,NA,NA
2018spring,4,2,2,1,1,1,1,180000,5,1,1,1,2,2,1,,,1,1,2,2,1,2,18,3,4,3
2018spring,7,2,2,1,1,2,2,NA,4,1,1,1,2,2,1,,,1,1,1,2,1,2,20,3,3,3
2018spring,NA,NA,NA,NA,NA,NA,NA,NA,,NA,NA,NA,NA,NA,NA,,,NA,NA,NA,NA,NA,NA,,NA,NA,NA
2018spring,7,1,1,1,2,2,2,50000,1,1,1,1,2,2,2,,,1,2,1,1,1,2,50,4,4,4
2018spring,8,1,1,1,1,1,2,80000,5,1,1,1,2,2,1,,,1,1,1,1,1,2,20,3,4,3
2018spring,10,2,2,2,2,2,2,60000,3,1,1,1,2,2,1,,,1,1,1,1,1,1,22,3,3,4
2018spring,9,2,2,2,2,2,2,60000,3,1,1,1,2,2,1,,,1,1,1,1,1,1,22,3,3,4
2018spring,9,2,2,1,1,1,1,NA,5,1,1,1,2,2,2,,,1,1,1,1,2,1,19,3,3,3
2018spring,8,2,1,2,2,2,2,130000,4,1,1,1,2,2,1,,,1,2,1,1,1,2,20,3,4,3
2018spring,9,1,1,2,2,2,2,75000,5,1,1,1,2,2,1,,,1,2,1,1,1,1,26,3,3,3
2018spring,9,1,1,1,1,1,2,70000,3,1,1,1,2,2,1,,,1,1,2,1,1,2,20,3,3,3
2018spring,8,1,1,2,2,2,2,186000,5,1,1,1,2,2,1,,,1,1,1,1,1,1,20,3,4,2
2018spring,8,2,2,1,1,1,2,40000,4,1,1,1,1,2,2,,,1,1,2,1,1,2,21,3,4,3
2018spring,6,1,1,1,1,1,2,90000,5,1,1,1,2,2,1,,,1,1,1,1,1,2,19,3,4,4
2018spring,7,2,2,1,2,2,2,180000,6,1,1,1,2,2,1,,,1,1,1,2,1,1,19,3,3,3
2018spring,5,1,1,2,2,2,2,1.00E+05,4,1,1,1,2,2,1,,,1,1,1,1,1,1,19,3,3,3
2018spring,11,1,1,2,2,2,2,NA,6,1,1,1,2,2,1,,,1,1,1,1,1,2,21,3,3,3
2018spring,9,1,1,2,2,2,2,NA,8,1,1,1,2,2,1,,,1,1,1,1,1,2,19,3,4,3
2018spring,10,1,1,2,2,2,2,70000,4,1,1,1,2,2,1,,,1,1,1,1,1,2,20,3,2,3
2018spring,8,1,1,1,2,2,2,40000,5,1,1,1,2,2,1,,,1,1,1,1,2,1,19,3,2,3
2018spring,8,2,2,1,2,1,2,0,3,2,1,1,2,2,2,,,1,1,1,1,1,1,29,3,3,4
2018spring,9,1,1,1,2,2,2,10500,2,1,1,1,2,2,1,,,1,1,1,2,1,2,25,3,3,4
2018spring,7,2,2,1,2,2,2,2.00E+05,4,1,1,1,2,1,1,,,1,1,2,2,1,2,18,3,4,3
2018spring,4,2,2,1,1,1,1,60000,3,1,1,1,1,2,2,,,1,1,2,2,1,2,22,3,3,3
2018spring,7,1,1,1,1,2,2,NA,8,1,1,1,2,2,1,,,1,1,1,1,1,2,20,3,3,3
2018spring,8,2,1,1,2,1,2,NA,3,1,1,1,2,2,1,,,1,1,2,2,1,1,25,3,3,4
2018spring,7,2,1,1,2,2,1,NA,3,1,1,1,2,2,1,,,1,1,2,1,1,1,22,6,3,4
2018spring,11,1,1,1,2,2,2,1.00E+05,4,1,1,1,2,2,1,,,1,1,2,1,1,1,22,3,4,3
2018spring,6,2,2,1,1,1,2,288000,5,1,1,1,2,2,1,,,1,2,2,1,1,1,21,3,3,3
2018spring,8,1,1,1,2,2,2,75000,5,1,1,1,2,2,2,,,1,1,1,1,1,2,20,3,3,3
2018spring,7,2,2,2,2,2,2,2.00E+05,4,1,1,1,2,2,1,,,1,1,1,2,1,2,19,3,4,3
2018spring,8,1,1,1,2,2,2,60000,4,1,1,1,2,2,2,,,1,2,1,1,1,1,21,3,4,3
2018spring,8,1,1,2,2,2,2,81000,6,1,1,1,1,2,1,,,1,1,1,1,1,1,19,3,3,3
2018spring,6,2,1,1,2,2,2,NA,3,1,1,1,2,2,1,,,1,1,1,1,1,1,19,3,4,2
2018spring,8,1,1,1,1,2,2,89000,4,1,1,1,2,2,1,,,2,1,1,1,1,2,19,3,3,3
2018spring,9,1,1,2,2,2,2,NA,4,1,1,1,2,2,1,,,1,2,2,1,1,1,19,3,3,2
2018spring,8,1,1,2,2,2,2,80000,3,1,1,1,2,1,1,,,1,1,1,1,1,2,20,3,3,3
2018spring,6,2,1,1,2,2,2,0,1,1,1,1,2,2,1,,,1,1,2,1,1,1,19,3,3,3
2018spring,9,1,1,1,2,2,2,60000,4,1,1,1,2,2,1,,,1,2,1,1,1,1,18,3,3,3
2018spring,6,2,2,1,2,2,1,105000,4,1,1,1,2,2,1,,,1,1,2,1,1,1,18,3,3,2
2018spring,8,2,2,1,1,2,2,NA,,1,1,1,2,2,1,,,1,2,2,1,1,2,21,3,3,3
2018spring,9,1,1,2,2,2,2,60000,5,2,1,2,1,2,1,,,1,1,2,2,1,1,25,3,3,4
2018spring,9,1,1,1,1,1,2,150000,4,1,1,1,2,2,1,,,1,1,1,1,1,1,18,3,3,2
2018spring,9,1,1,1,2,2,2,110000,4,1,1,1,2,2,1,,,1,1,1,1,1,1,19,3,4,2
2018spring,10,1,1,2,2,2,2,2.00E+05,3,1,1,1,2,2,1,,,1,1,1,1,1,1,19,2,4,3
2018spring,9,1,1,1,1,2,1,35000,1,2,1,1,2,2,1,,,1,1,2,1,1,1,21,3,3,4
2018spring,8,1,1,1,1,1,1,25000,3,1,1,1,2,2,1,,,1,1,1,1,2,2,18,3,3,2
2018spring,6,1,1,1,1,2,1,120000,1,2,1,1,1,2,2,,,1,1,1,1,1,1,30,6,3,3
2018spring,9,1,1,1,2,2,2,NA,4,1,1,1,2,2,1,,,1,1,1,1,1,1,19,3,4,3
2018spring,10,1,1,2,2,2,2,2.00E+05,4,1,1,1,2,2,1,,,1,1,2,1,1,2,20,2,3,2
2018spring,9,1,1,2,2,2,2,25000,5,1,1,1,2,2,1,,,1,1,1,1,1,1,21,3,1,3
2018spring,5,2,2,2,1,1,2,NA,4,1,1,1,2,2,1,,,1,1,2,1,1,2,20,3,4,3
2018spring,9,1,1,2,2,2,2,98000,2,1,1,1,2,2,1,,,1,1,1,1,1,2,36,1,3,4
2018spring,6,1,1,2,2,1,2,1.00E+06,4,1,1,1,2,2,1,,,1,1,1,2,2,2,23,3,3,3
2018spring,9,1,1,1,2,2,2,50000,3,1,1,1,2,2,1,,,1,1,2,1,1,1,20,6,3,3
2018spring,10,1,1,2,2,2,2,1.00E+05,6,1,1,1,2,2,1,,,1,1,1,1,1,1,22,3,3,4
2018spring,9,1,1,2,2,2,2,30000,3,1,1,1,2,2,1,,,1,1,2,2,1,2,20,3,3,3
2018spring,5,1,1,2,2,2,2,28400,3,1,1,1,2,2,2,,,1,2,2,1,1,2,21,3,3,3
2018spring,7,2,2,1,1,2,2,NA,5,1,1,1,2,2,1,,,1,1,2,1,1,2,19,3,4,3
2018spring,8,1,2,1,2,2,2,NA,5,1,1,1,2,2,1,,,1,1,1,1,1,2,19,3,4,2
2018spring,6,2,1,2,2,2,2,1.00E+05,4,1,1,1,2,2,1,,,2,1,1,2,1,1,32,3,4,4
2018spring,7,1,1,2,2,2,2,NA,5,1,1,1,2,2,1,,,1,1,1,1,1,1,22,3,4,2
2018spring,5,1,1,1,1,1,2,NA,4,1,1,1,2,2,1,,,1,2,2,2,1,2,18,3,3,3
2018spring,11,1,1,1,2,2,2,80000,3,1,1,1,1,1,1,,,1,1,1,1,2,2,20,3,4,2
2018spring,NA,NA,NA,NA,NA,NA,NA,NA,,NA,NA,NA,NA,NA,NA,,,NA,NA,NA,NA,NA,NA,,NA,NA,NA
2018spring,8,1,1,1,1,2,2,120000,3,1,1,1,2,2,1,,,1,1,2,2,1,1,39,1,3,4
2018spring,8,1,1,1,1,1,1,5.00E+05,4,1,1,1,2,2,2,,,1,1,1,1,1,2,20,3,4,4
2018spring,8,1,1,2,2,2,2,60000,6,1,1,1,2,2,1,,,1,2,1,2,1,2,21,3,4,3
2018spring,10,1,1,2,2,2,2,80000,5,1,1,1,2,2,1,,,1,1,2,1,1,2,19,3,4,3
2018spring,7,1,1,1,2,2,2,1.00E+05,4,1,1,1,2,2,1,,,1,1,2,2,1,1,18,3,4,3
2018spring,9,1,1,2,2,2,2,1.00E+05,5,1,1,1,2,2,1,,,1,1,1,1,1,2,19,3,4,3
2018spring,5,1,1,1,1,1,1,1200,5,1,1,1,2,2,2,,,2,1,1,1,1,2,20,3,3,3
2018spring,8,1,1,1,2,2,2,110000,8,2,1,1,2,2,1,,,1,1,2,1,1,2,18,3,4,3
2018spring,9,1,1,2,2,2,2,110000,3,1,1,1,2,2,2,,,1,1,1,2,1,2,18,3,4,2
2018spring,6,1,2,1,2,1,2,2.00E+06,4,1,1,1,2,2,1,,,1,1,1,1,1,1,25,3,3,4
2018spring,8,2,2,1,1,2,2,30000,4,1,1,1,2,2,1,,,1,1,2,1,1,1,25,3,3,3
2018spring,3,2,2,1,2,2,1,NA,7,1,1,1,1,2,1,,,2,1,2,1,1,2,18,3,3,3
2018spring,7,2,2,2,1,1,1,NA,,1,1,1,2,1,1,,,1,1,1,1,1,2,23,3,3,3
2018spring,8,1,1,1,2,2,2,NA,5,1,1,1,2,2,1,,,1,1,1,2,1,1,18,3,4,3
2018spring,9,1,1,1,2,2,2,25000,3,1,1,1,2,2,1,,,1,1,1,1,1,2,23,3,3,3
2018spring,8,2,2,2,2,2,2,130000,4,1,2,1,2,2,1,,,1,1,2,1,1,1,25,3,3,3
2018spring,8,1,2,1,2,2,2,20000,3,1,1,1,2,2,1,,,1,1,2,1,2,1,21,3,3,3
2018spring,8,1,1,2,1,2,1,33000,3,1,1,1,2,2,1,,,1,1,1,1,1,2,27,1,3,3
2018spring,9,1,1,2,2,2,2,65000,4,1,1,1,2,2,1,,,1,1,1,2,1,1,23,2,4,4
2018spring,7,2,2,1,1,2,2,1.00E+05,3,1,1,1,2,2,1,,,1,1,2,1,1,1,20,3,3,2
2018spring,9,1,1,2,2,2,2,1.00E+05,4,1,1,1,2,2,1,,,1,1,1,1,1,1,20,3,3,3
2018spring,4,1,1,1,2,1,2,NA,4,1,1,1,1,2,1,,,1,1,1,2,2,1,18,NA,3,3
2018spring,8,1,2,1,2,1,2,NA,4,1,1,1,1,2,2,,,1,1,2,1,1,1,20,3,4,3
2018spring,7,1,2,1,2,1,2,20000,1,1,1,1,2,2,1,,,1,1,1,1,1,1,22,3,3,3
2018spring,4,2,2,1,2,2,2,130000,4,1,1,1,2,2,1,,,1,1,2,2,1,1,19,3,3,2
2018spring,2,2,2,1,1,1,2,NA,,2,1,1,2,2,1,,,1,1,1,1,1,1,,3,3,4
2018spring,8,1,1,2,2,2,2,NA,5,1,1,1,2,2,1,,,1,2,2,1,1,1,24,3,3,4
2018spring,6,1,1,2,2,2,2,NA,4,1,1,1,2,2,1,,,1,1,1,1,1,2,24,3,1,4
2018spring,NA,NA,NA,NA,NA,NA,NA,NA,,NA,NA,NA,NA,NA,NA,,,NA,NA,NA,NA,NA,NA,,NA,NA,NA
2018spring,6,1,1,1,1,1,2,1.00E+05,6,1,1,1,1,2,1,,,1,2,1,1,1,2,20,3,3,3
2018spring,NA,NA,NA,NA,NA,NA,NA,NA,,NA,NA,NA,NA,NA,NA,,,NA,NA,NA,NA,NA,NA,,NA,NA,NA
2018spring,7,1,1,1,2,2,2,42000,3,1,1,1,1,2,1,,,1,1,1,2,1,2,21,3,3,3
2018spring,NA,NA,NA,NA,NA,NA,NA,NA,,NA,NA,NA,NA,NA,NA,,,NA,NA,NA,NA,NA,NA,,NA,NA,NA
2018spring,7,2,2,1,1,1,1,2.00E+05,6,1,1,1,2,2,1,,,1,1,2,1,1,1,19,3,4,3
2018spring,NA,NA,NA,NA,NA,NA,NA,NA,,NA,NA,NA,NA,NA,NA,,,NA,NA,NA,NA,NA,NA,,NA,NA,NA
2018spring,4,1,1,1,2,2,1,30000,6,1,1,1,2,2,1,,,2,1,2,1,1,2,21,3,3,3
2018spring,8,1,1,1,2,2,2,80000,4,1,1,1,2,2,1,,,1,1,2,1,1,2,18,3,3,3
2018spring,6,1,1,1,2,2,2,62500,4,1,1,1,1,2,1,,,1,1,1,1,1,1,19,3,3,3
2018spring,8,1,1,1,2,2,2,1000,4,1,1,1,2,2,1,,,1,2,1,1,1,2,20,3,3,2
2018spring,NA,NA,NA,NA,NA,NA,NA,NA,,NA,NA,NA,NA,NA,NA,,,NA,NA,NA,NA,NA,NA,,NA,NA,NA
2018spring,5,2,2,2,1,2,1,60000,5,1,2,1,2,2,1,,,1,2,2,1,1,1,18,3,1,2
2018spring,7,1,1,2,2,2,2,2.00E+05,3,1,1,1,2,2,1,,,1,2,1,1,1,2,19,3,3,3
2018spring,7,2,2,1,1,2,2,0,1,1,1,1,2,2,1,,,1,1,2,2,1,2,19,3,3,3
2018spring,8,1,1,1,2,2,2,35000,1,1,1,1,2,2,2,,,1,1,2,2,1,2,40,2,3,4
2018spring,7,2,2,1,2,1,2,1.00E+05,5,1,1,1,2,2,2,,,1,1,2,1,1,2,22,3,3,2
2018spring,9,1,1,1,2,2,2,10000,2,1,1,1,2,2,1,,,1,1,2,2,1,1,23,3,3,3
2018spring,8,1,1,2,2,2,2,30000,6,1,1,1,2,2,1,,,1,2,1,1,1,2,21,3,4,2
2018spring,8,1,2,1,2,2,2,30000,4,1,1,1,2,2,2,,,1,2,1,1,1,1,23,3,3,4
2018spring,7,1,1,2,2,2,2,0,3,1,1,1,2,2,1,,,1,1,1,1,1,1,23,3,3,2
2018spring,11,1,2,2,2,2,2,180000,6,1,1,1,NA,2,1,,,1,1,2,1,1,1,22,3,3,3
2018spring,7,1,1,1,2,2,2,20000,3,2,1,1,2,2,1,,,1,1,1,1,2,2,21,3,3,3
2018spring,9,1,1,2,2,2,2,120000,4,1,1,1,2,2,1,,,1,1,1,1,1,2,20,3,3,3
2018spring,NA,NA,NA,NA,NA,NA,NA,NA,,NA,NA,NA,NA,NA,NA,,,NA,NA,NA,NA,NA,NA,,NA,NA,NA
2018spring,7,1,1,1,2,2,2,70000,5,1,1,1,1,2,1,,,1,1,1,1,1,2,18,2,4,2
2018spring,9,1,2,1,2,2,2,10000,3,1,1,1,2,2,1,,,1,1,1,2,1,1,20,3,1,3
2018spring,7,1,2,1,2,2,1,30000,1,1,1,1,2,2,1,,,1,1,2,2,1,2,22,3,3,2
2018spring,6,1,1,2,2,2,2,NA,5 members,1,1,1,1,2,1,,,1,1,1,1,1,1,19,3,4,3
2018spring,6,1,1,1,2,2,2,40000,2,1,1,1,2,2,2,,,1,2,1,1,1,1,23,3,3,3
2018spring,9,1,1,1,1,2,1,80000,5,1,1,1,2,2,1,,,1,1,1,1,1,1,24,3,3,3
2018spring,5,1,1,1,2,2,2,120000,4,1,1,1,2,2,1,,,1,1,2,1,1,1,20,3,3,3
2018spring,9,1,1,2,2,2,2,NA,5,1,1,1,2,2,2,,,1,1,1,1,1,2,19,6,4,3
2018spring,8,2,2,1,2,2,2,10000,5,1,1,1,2,2,1,,,1,1,2,1,1,1,19,3,3,3
2018spring,8,1,1,2,2,2,2,120000,5,1,1,1,2,2,1,,,1,1,1,1,1,1,19,3,3,3
2018spring,11,1,1,1,1,1,1,40000,3,1,1,1,2,2,1,,,1,1,1,1,1,1,20,3,4,3
2018spring,7,2,2,1,2,2,2,60000,7,1,1,1,2,2,1,,,1,1,1,1,1,1,19,3,3,3
2018spring,2,2,1,2,1,1,1,40000,3,1,1,1,1,2,2,,,2,1,2,1,1,2,20,2,1,2
2018spring,4,2,2,1,2,2,2,7000,2,1,1,1,2,2,2,,,1,1,2,2,1,1,30,1,3,3
2018spring,7,1,1,1,1,2,2,120000,2,1,1,1,2,2,1,,,1,1,1,2,1,1,23,2,3,3
2018spring,5,2,2,1,1,1,1,35000,7,1,1,1,2,2,2,,,1,1,2,2,1,1,20,2,3,3
2018spring,8,1,1,2,2,2,2,50000,4,1,1,1,2,2,1,,,1,2,2,1,1,1,19,3,3,3
2018spring,7,1,1,1,2,2,2,260000,4,1,1,1,2,2,1,,,1,1,2,1,1,2,19,3,4,3
2018spring,5,1,1,1,2,2,1,4.00E+05,4,1,1,1,2,2,1,,,1,1,2,1,1,2,18,3,3,3
2018spring,5,1,1,2,2,1,2,NA,,1,1,1,1,2,1,,,1,2,2,1,2,2,,3,3,3
2019replication,8,1,1,1,1,1,1,50000,4,1,1,1,1,1,1,67,70,1,1,1,1,1,2,19,1,1,1
2019replication,9,2,2,1,1,2,2,1.00E+05,6,1,1,1,2,2,1,100,100,1,1,2,1,1,2,20,,3,3
2019replication,6,1,1,1,2,2,1,650000,4,1,1,1,2,2,1,100,100,1,1,1,1,1,1,19,3,3,3
2019replication,8,2,2,1,2,2,1,NA,3,1,1,1,2,2,1,90,71,1,1,1,1,1,1,19,3,3,3
2019replication,6,1,1,1,2,2,2,50000,5,1,1,1,2,2,1,81,32,1,1,1,1,1,2,20,3,4,3
2019replication,8,1,1,1,2,2,2,5.00E+08,5,1,1,1,2,2,1,100,100,1,1,1,1,1,1,22,3,3,3
2019replication,5,2,2,1,1,2,1,NA,5,1,2,1,1,2,1,27,6,1,1,1,1,1,1,18,2,3,3
2019replication,6,1,1,1,1,2,1,90000,8,1,1,1,2,2,1,100,39,1,1,1,1,1,1,21,2,3,3
2019replication,6,1,1,2,2,1,2,50000,6,1,1,1,2,2,2,70,32,1,1,2,2,1,1,19,3,4,3
2019replication,6,2,2,1,2,2,2,120000,4,1,1,1,2,2,1,100,100,1,1,1,2,1,1,18,3,4,3
2019replication,7,1,1,1,2,2,1,1.00E+05,4,1,1,1,2,2,1,100,80,2,1,1,1,1,1,20,3,4,3
2019replication,8,1,1,2,2,2,2,NA,4,1,1,1,2,2,1,100,95,1,1,2,1,1,1,20,3,4,3
2019replication,5,2,2,1,1,2,2,90000,4,1,1,1,2,2,1,60,30,1,1,2,2,1,1,20,3,4,2
2019replication,4,1,1,2,2,2,2,240000,5,1,1,1,2,2,1,95,75,1,1,1,1,1,2,20,3,4,3
2019replication,6,1,1,1,2,2,2,106000,7,1,1,1,2,2,1,86,0,1,2,1,1,1,1,19,3,4,3
2019replication,6,1,1,2,2,2,2,NA,5,1,1,1,2,2,1,100,51,1,1,1,2,1,1,20,3,4,2
2019replication,6,1,1,2,1,1,2,45000,4,1,1,1,2,2,1,82,20,1,1,1,1,1,1,20,3,3,3
2019replication,6,1,1,2,2,2,2,3.00E+05,3,1,1,1,2,2,1,72,50,1,1,1,1,2,2,21,3,3,3
2019replication,6,1,1,2,2,2,2,1.00E+05,3,1,1,1,2,2,1,80,50,1,1,1,1,1,2,21,3,3,3
2019replication,3,1,1,1,1,2,2,39000,2,1,1,1,2,2,2,75,30,1,1,1,2,1,1,18,3,3,3
2019replication,8,2,2,1,2,2,2,NA,4,1,1,1,2,2,1,84,43,1,1,2,1,1,1,25,2,3,3
2019replication,6,1,1,2,2,2,2,60000,5,1,1,1,2,2,1,100,10,1,1,2,1,1,1,19,3,4,3
2019replication,6,1,1,2,2,2,2,115000,4,1,1,1,2,2,1,68,43,1,1,1,1,1,2,21,3,3,3
2019replication,7,2,2,2,2,2,1,120000,4,1,1,1,2,2,1,50,1,1,2,2,1,1,2,18,3,3,3
2019replication,7,2,1,1,1,1,1,250000,8,1,1,1,2,2,1,100,75,1,1,1,1,1,2,18,3,3,3
2019replication,6,2,1,1,1,1,2,90000,5,1,1,1,2,2,1,56,15,1,1,2,2,1,2,19,3,4,3
2019replication,3,2,2,1,1,2,1,46500,5,1,1,1,1,2,1,43,8,1,1,2,1,2,2,19,3,3,3
2019replication,2,1,1,2,2,2,2,120000,5,1,1,1,2,2,1,70,20,1,2,2,1,1,2,18,3,4,3
2019replication,8,1,2,2,1,2,2,70000,2,1,1,1,2,2,1,75,63,1,1,2,1,1,2,32,1,3,5
2019replication,6,1,1,2,2,2,2,NA,5,1,1,1,2,2,1,84,5,1,1,1,1,1,2,19,2,3,3
2019replication,5,1,1,2,2,2,2,50000,5,1,1,1,2,2,1,45,20,1,1,1,1,1,2,18,3,4,3
2019replication,7,1,1,2,2,2,2,12000,1,1,1,1,2,2,1,30,0,1,1,2,1,1,2,22,3,3,5
2019replication,5,1,1,1,2,2,2,70000,4,1,1,1,2,2,1,92,70,1,1,1,1,1,2,20,3,4,3
2019replication,7,2,2,1,2,2,2,90000,4,1,1,1,2,2,1,70,75,1,1,1,1,1,2,18,3,3,3
2019replication,4,1,1,2,2,2,2,230000,4,1,1,1,2,2,1,75,60,1,1,1,1,1,2,21,3,4,3
2019replication,6,1,1,2,2,2,2,NA,6,1,1,1,2,2,1,80,70,1,1,1,1,1,2,18,3,3,3
2019replication,9,1,1,2,2,2,2,2.00E+05,4,1,1,1,2,2,1,100,100,1,1,1,1,1,2,20,3,3,3
2019replication,5,1,2,2,2,2,1,1.00E+05,5,1,1,1,2,2,1,50,25,1,1,1,1,1,2,20,3,4,3
2019replication,7,2,1,2,2,2,2,25000,7,2,1,1,2,2,1,49,50,1,2,1,1,1,1,19,3,3,5
2019replication,6,1,1,1,2,2,2,20000,4,1,1,1,2,2,1,2,1,1,2,2,2,1,1,18,3,3,3
2019replication,6,1,2,1,2,2,2,70000,6,1,1,1,2,2,1,90,10,1,1,2,1,1,1,18,3,4,3
2019replication,5,1,1,2,2,2,2,NA,NA,1,1,1,2,2,2,100,60,1,1,1,1,1,1,19,3,3,3
2019replication,7,1,1,1,2,2,2,43000,2,1,1,1,2,2,1,100,67,1,1,1,1,1,2,18,2,3,3
2019replication,7,1,1,2,1,2,2,26000,4,1,1,1,2,2,1,70,30,1,1,1,1,1,2,18,3,3,3
2019replication,4,1,1,2,2,2,2,20000,4,1,1,1,2,2,2,50,10,1,1,1,1,1,2,19,3,3,3
2019replication,7,1,1,2,2,2,2,1.00E+05,3,1,1,1,2,2,1,100,100,1,1,1,1,1,1,20,3,4,3
2019replication,7,1,1,2,2,2,2,54000,5,1,1,1,2,2,1,100,100,1,1,2,1,1,2,19,2,3,2
2019replication,6,1,2,1,1,1,2,85000,3,1,1,1,2,2,1,95,15,1,2,1,1,1,2,20,3,3,3
2019replication,5,2,2,2,2,2,2,1.00E+05,5,1,1,1,2,2,1,50,25,1,1,1,1,1,2,20,3,4,3
2019replication,5,1,1,2,2,2,2,NA,4,1,1,1,2,2,1,82,10,1,1,2,1,1,1,19,3,3,3
2019replication,6,1,1,2,2,2,2,NA,NA,1,1,1,2,2,2,0,0,1,1,1,1,1,2,19,3,3,3
2019replication,4,2,2,1,2,2,2,35000,4,1,1,1,2,2,1,100,90,1,1,1,1,1,2,20,3,3,2
2019replication,6,1,1,2,2,2,2,150000,5,1,1,1,2,2,1,20,6,1,1,1,1,1,2,20,3,4,3
2019replication,6,1,1,2,2,2,2,150000,5,1,1,1,2,2,1,20,6,1,1,1,1,1,2,20,3,4,3
2019replication,7,2,2,2,2,2,1,NA,3,1,1,1,1,1,1,15,4,1,2,1,1,2,1,20,2,3,2
2019replication,9,1,1,1,2,2,2,3.00E+05,4,1,1,1,2,2,1,100,100,1,1,1,1,1,1,21,3,4,3
2019replication,8,2,2,1,1,1,1,170000,4,1,1,1,2,2,1,70,21,2,2,2,2,1,1,20,3,2,3
2019replication,7,1,1,1,2,2,2,150000,4,1,1,1,2,2,1,80,56,1,1,1,1,1,1,20,3,4,3
2019replication,6,2,2,1,1,2,1,130000,4,1,1,1,2,2,1,51,24,1,1,1,2,1,1,20,3,3,3
2019replication,7,1,1,1,2,2,1,40000,5,1,1,1,2,2,1,75,86,1,1,1,1,1,1,19,3,4,3
2019replication,7,1,1,2,2,2,2,NA,7,1,1,1,2,2,1,100,70,1,1,1,1,1,1,21,3,3,3
2019replication,5,1,1,2,2,2,2,30000,4,1,2,2,2,2,1,100,100,1,1,1,1,1,1,32,1,3,3
2019replication,7,1,1,2,2,2,2,170000,5,1,1,1,2,2,1,87,76,1,1,1,1,1,2,20,3,4,3
2019replication,10,2,2,2,1,1,1,5,NA,,,,,,2,NA,NA,,,,,,,NA,,,
2019replication,4,1,1,2,2,2,2,NA,3,1,1,1,2,2,1,75,65,1,1,1,1,1,1,18,3,4,2
2019replication,7,1,1,1,2,2,2,NA,5,1,1,1,2,2,1,52,31,1,1,1,1,1,1,19,3,3,2
2019replication,7,2,1,1,2,2,2,120000,4,1,1,1,2,2,1,100,0,1,1,2,1,1,1,18,3,3,3
2019replication,6,2,2,1,1,1,2,1.00E+05,4,1,1,1,2,2,1,100,85,1,1,2,1,1,1,19,3,4,3
2019replication,7,1,1,1,1,2,2,3.00E+05,5,1,1,1,2,2,2,100,100,1,1,1,1,1,2,20,3,3,3
2019replication,8,1,1,1,2,2,2,NA,5,1,1,1,2,2,1,92,81,1,1,1,1,1,1,21,3,3,3
2019replication,5,1,1,1,2,2,2,70000,5,1,1,1,2,2,1,80,51,1,1,1,1,1,2,21,3,3,3
2019replication,7,1,1,2,1,2,1,50000,4,1,1,1,2,2,1,80,10,1,1,1,1,1,2,20,3,3,3
2019replication,7,1,1,1,2,2,2,7500,3,1,1,1,2,2,2,100,90,1,1,1,1,2,2,22,3,3,3
2019replication,6,2,2,1,2,2,2,6.00E+05,4,1,1,1,2,2,1,80,40,1,1,2,2,1,1,21,3,3,3
2019replication,7,1,1,1,1,2,1,60000,4,1,1,1,2,2,1,95,70,1,1,1,2,1,1,21,2,4,3
2019replication,3,2,1,1,2,2,1,21000,4,1,2,2,1,2,2,40,NA,1,2,2,2,1,1,21,2,3,3
2019replication,6,1,1,2,2,2,2,140000,5,1,1,1,2,2,1,86,6,1,1,2,2,1,1,19,3,3,3
2019replication,5,2,2,1,2,2,1,90000,4,1,1,1,1,2,2,75,NA,1,1,2,2,1,2,21,3,3,3
2019replication,7,1,1,2,2,2,2,45000,1,1,1,1,2,2,1,100,74,1,1,2,2,1,1,22,3,3,5
2019replication,5,2,2,1,2,2,2,25000,1,1,1,1,2,2,2,70,9,1,1,2,1,1,2,32,2,3,5
2019replication,6,2,1,2,2,1,2,NA,4,1,1,1,2,2,1,4,NA,1,2,2,2,1,1,21,3,3,2
2019replication,6,2,2,1,1,2,2,NA,5,1,1,1,2,2,1,100,100,1,1,2,1,1,1,18,3,4,2
2019replication,6,1,1,1,2,2,2,NA,5,1,1,1,1,2,1,100,100,1,1,2,2,1,1,18,3,3,3
2019replication,6,1,1,2,2,2,2,NA,6,1,1,1,2,2,1,30,11,1,2,1,1,1,1,19,3,3,3
2019replication,7,2,2,1,1,1,1,35000,5,1,1,1,2,2,2,18,10,2,2,2,2,1,1,18,3,3,3
2019replication,5,1,1,2,2,2,2,65000,2,1,1,1,2,2,1,100,10,1,1,1,1,1,1,29,1,3,5
2019replication,6,1,1,2,2,2,1,NA,1,2,1,1,2,2,1,74,15,1,1,1,1,1,1,28,3,3,5
2019replication,9,1,1,1,1,2,2,NA,NA,,,,,,,NA,NA,,,,,,,NA,,,
2019replication,4,1,1,1,1,1,1,34000,4,1,1,1,1,1,2,10,0,2,1,2,2,1,2,19,3,3,3
2019replication,6,1,1,2,1,1,1,80000,4,1,1,1,2,2,1,42,NA,1,2,2,2,1,2,19,3,4,5
2019replication,5,1,1,1,2,2,2,120000,2,1,1,1,2,2,1,100,90,1,2,1,2,1,2,23,3,3,5
2019replication,3,2,2,1,1,2,,120000,6,1,1,1,2,2,1,90,20,1,1,2,1,1,2,18,3,3,2
2019replication,6,2,2,1,2,2,2,80000,5,1,1,1,2,2,1,100,100,1,1,2,2,1,1,18,3,4,3
2019replication,3,2,2,1,1,1,2,55000,4,1,1,1,1,1,2,50,25,1,2,1,2,1,1,45,3,3,3
2019replication,4,1,1,1,1,2,2,90000,5,1,1,1,2,2,2,100,29,1,2,1,2,1,2,18,3,3,2
2019replication,7,2,2,1,2,2,2,40000,1,2,1,1,2,2,1,100,17,1,1,1,1,1,1,27,3,3,5
2019replication,3,1,1,1,2,2,2,NA,2,1,1,1,2,2,2,100,10,1,1,1,1,1,2,21,2,3,3
2019replication,8,2,2,2,2,2,1,1.00E+05,4,1,1,1,2,2,1,50,10,1,1,1,2,1,1,20,3,4,3
2019replication,8,2,2,1,2,2,2,NA,NA,,,,,,,NA,NA,,,,,,,NA,,,
2019replication,1,2,1,2,1,2,2,NA,NA,1,1,1,1,2,2,NA,NA,,,,,,,NA,,,
2019replication,5,1,1,1,2,2,2,4300,2,1,1,1,1,2,2,67,10,1,1,2,1,1,2,20,3,3,3
2019replication,7,2,2,1,1,2,1,1.00E+05,7,1,1,1,2,2,1,100,100,1,1,2,1,1,1,19,3,3,2
2019replication,7,1,1,2,2,2,2,NA,NA,1,1,1,2,2,1,100,50,1,1,1,1,1,2,21,3,3,3
2019replication,7,1,1,2,2,2,2,175000,4,1,1,1,2,2,1,100,100,1,2,2,1,1,2,22,3,3,3
2019replication,10,1,1,2,2,2,2,7000,6,1,1,1,2,2,2,36,2,1,1,1,1,1,1,21,2,3,3
2019replication,7,1,2,1,1,2,2,1.00E+05,7,1,1,1,2,2,1,100,100,1,1,2,1,1,1,19,3,3,2
2019replication,2,1,1,1,2,2,2,NA,4,1,1,1,2,2,1,20,NA,1,2,2,1,1,1,18,3,3,2
2019replication,5,1,1,2,1,1,2,NA,NA,,,,,,,NA,NA,,,,,,,NA,,,
2019replication,6,1,1,2,2,2,2,90000,5,1,1,1,2,2,1,55,3,1,1,1,1,1,2,18,3,4,3
2019replication,5,1,1,2,2,2,2,0,3,1,1,1,2,2,1,80,9,1,1,2,1,1,1,23,3,3,3
2019replication,7,1,1,1,2,2,2,NA,4,1,1,1,2,2,1,100,100,1,1,1,1,1,1,54,1,4,2
2019replication,7,1,1,2,2,2,2,45000,2,1,1,1,2,2,1,100,75,1,1,1,1,1,1,26,3,3,5
2019replication,5,2,1,1,2,2,2,2.00E+05,6,1,1,1,2,2,1,95,80,1,1,1,1,1,1,21,3,3,2
2019replication,7,2,2,1,1,1,2,NA,3,1,1,1,2,2,1,90,50,1,1,1,1,1,2,20,3,4,2
2019replication,7,1,2,1,1,1,2,NA,3,1,1,1,2,2,1,90,50,1,1,1,1,1,2,20,3,4,2
2019replication,6,1,1,1,2,2,2,NA,NA,1,1,1,2,2,1,100,84,1,2,1,1,1,1,20,3,3,3
2019replication,6,1,1,2,2,2,2,10000,3,1,1,1,2,2,1,100,60,1,2,2,1,1,1,19,3,3,2
2019replication,7,2,2,1,2,2,2,16000,1,2,1,1,2,2,1,20,0,1,1,2,2,1,2,20,3,3,3
2019replication,5,1,2,1,2,2,2,30000,4,1,1,1,2,2,1,62,20,1,1,2,1,1,2,20,3,3,3
2019replication,8,1,1,2,2,2,2,25000,2,1,1,1,2,2,1,70,40,1,1,1,1,1,2,18,3,3,3
2019replication,8,1,1,1,1,1,1,25000,2,1,1,1,2,2,1,80,40,1,1,1,1,1,2,18,3,3,3
2019replication,5,1,1,1,2,2,2,48000,4,1,1,1,2,2,1,85,20,1,2,2,1,1,1,20,3,3,3
2019replication,4,1,1,1,2,2,2,75000,2,2,1,1,2,2,1,65,30,1,1,1,1,1,4,22,2,3,3
2019replication,8,1,1,1,2,2,2,90000,2,1,1,1,1,1,1,100,100,1,1,1,1,1,1,38,1,3,3
2019replication,8,1,1,1,2,2,2,90000,2,1,1,1,1,1,1,100,90,1,1,1,1,1,1,38,1,3,3
2019replication,4,1,1,2,2,2,2,75000,2,2,1,1,2,2,1,100,92,1,1,1,1,1,2,36,1,3,3
2019replication,10,1,1,1,1,1,1,NA,NA,,,,,,,NA,NA,,,,,,,NA,,,
2019replication,5,2,1,2,2,2,2,NA,NA,,,,,,,NA,NA,,,,,,,NA,,,
2019replication,6,2,2,1,1,2,2,NA,NA,,,,,,,NA,NA,,,,,,,NA,,,
2019replication,7,1,1,2,2,2,2,NA,NA,1,1,1,2,2,1,93,78,1,1,2,1,1,1,18,3,4,3
2019replication,7,1,1,1,1,1,1,70000,2,1,1,1,2,2,1,50,20,1,1,1,1,1,1,23,2,3,3
2019replication,9,1,1,1,1,2,2,50000,2,1,1,1,2,2,2,48,21,1,1,1,1,1,2,33,2,3,3
2019replication,10,1,1,1,1,2,2,50000,2,1,1,1,2,2,1,42,22,1,1,1,1,1,2,33,2,3,3
2019replication,9,1,1,1,1,2,2,50000,2,1,1,1,2,2,1,40,28,1,1,1,1,1,2,33,2,3,3
2019replication,6,1,1,1,2,2,2,NA,5,1,1,1,2,2,1,70,NA,1,1,2,1,1,2,18,3,4,3
2019replication,7,1,1,1,2,2,2,NA,5,1,1,1,2,2,1,37,73,1,1,1,1,1,2,18,3,4,3
2019replication,7,1,1,1,2,2,2,90000,2,1,1,1,1,1,1,92,71,1,1,2,1,1,1,38,1,3,3
2019replication,6,1,1,2,2,2,2,120000,5,1,1,1,2,2,1,100,100,1,1,1,1,1,1,18,3,4,2
2019replication,9,1,1,1,2,2,2,NA,3,1,1,1,2,2,1,100,100,1,1,1,1,1,2,18,3,3,3
2019replication,9,1,1,1,2,2,2,NA,3,1,1,1,2,2,1,100,100,1,1,1,1,1,2,18,3,3,3
2019replication,1,2,2,1,1,1,2,15000,3,1,1,1,2,2,2,76,52,1,1,1,2,1,2,20,3,3,3
2019replication,6,1,1,1,2,2,2,16000,1,2,1,1,2,2,1,70,26,1,1,1,2,1,2,23,3,3,3
2019replication,4,2,1,1,2,2,2,25000,3,1,1,1,2,2,2,36,13,1,1,1,2,2,2,21,3,3,3
2019replication,4,2,1,1,2,2,2,1.00E+05,4,1,1,1,2,2,1,80,11,1,2,2,1,1,1,20,3,4,3
2019replication,10,1,1,1,2,2,2,NA,4,1,1,1,2,2,1,100,NA,1,1,1,2,1,2,18,3,,5
2019replication,6,1,1,1,2,2,2,NA,5,1,1,1,2,2,1,70,5,1,1,1,1,1,1,21,3,3,3
2019replication,5,2,1,1,1,1,2,90000,5,1,1,1,2,2,1,100,30,2,1,2,1,1,2,19,3,4,3
2019replication,6,1,1,1,2,2,2,110000,8,2,1,1,2,2,1,80,23,1,1,1,1,1,1,20,3,4,3
2019replication,2,1,1,1,1,2,2,5000,1,2,1,1,1,2,1,100,15,1,1,1,1,1,2,30,3,3,3
2019replication,2,2,2,2,2,2,1,0,1,2,1,2,1,1,1,30,1,2,2,2,2,1,2,22,3,1,3
2019replication,5,1,1,1,1,1,2,180000,4,1,1,1,2,2,1,100,80,1,1,2,1,1,1,18,3,2,3
2019replication,5,1,1,1,1,1,2,180000,4,1,1,1,2,2,1,99,84,1,1,2,1,1,1,18,3,2,3
2019replication,6,1,1,2,2,2,2,70000,3,1,1,1,2,2,1,61,20,1,1,1,1,1,4,20,3,3,3
2019replication,7,1,1,2,2,2,2,90000,3,1,1,1,2,2,1,100,50,1,1,2,2,1,2,20,3,4,3
2019replication,8,1,1,1,2,2,2,80000,3,1,1,1,2,2,1,82,19,1,1,1,2,1,1,20,3,4,3
2019replication,9,1,2,2,2,2,1,NA,NA,1,1,1,,,,NA,NA,2,2,1,1,,2,NA,6,4,
2019replication,7,2,2,1,2,1,1,85000,4,1,1,1,2,2,1,100,81,1,1,2,2,1,1,20,3,1,3
2019replication,7,1,1,2,2,2,2,NA,3,1,1,1,2,2,1,90,100,1,1,1,1,1,1,27,3,3,5
2019replication,6,1,1,1,2,2,1,80000,3,1,1,1,2,2,1,80,45,1,1,2,1,1,1,20,3,1,3
2019replication,3,1,1,1,2,2,2,90000,5,2,1,1,2,2,1,69,8,1,1,1,1,1,2,18,3,3,2
2019replication,8,1,1,1,1,2,2,NA,5,1,1,1,2,2,1,100,16,1,1,1,2,1,2,20,3,4,3
2019replication,3,2,1,1,1,1,2,NA,6,1,1,1,2,2,1,100,0,1,1,1,2,1,1,19,3,3,3
2019replication,10,1,1,1,2,2,1,120000,5,1,1,1,2,2,1,100,100,1,1,2,1,1,1,20,3,3,3
2019replication,6,2,2,1,1,1,2,70000,2,1,1,1,2,2,1,100,100,1,1,2,1,1,1,20,3,3,3
2019replication,7,1,1,1,2,2,2,70000,2,1,1,1,2,2,1,50,35,1,2,2,1,1,1,21,3,4,3
2019replication,6,2,2,1,1,1,1,70000,4,1,1,1,2,2,1,100,NA,2,2,2,2,1,1,21,3,4,3
2019replication,5,1,1,1,2,2,2,120000,3,1,1,1,2,2,1,100,20,1,1,2,1,1,1,19,3,4,3
2019replication,5,2,2,1,1,1,1,70000,5,1,1,1,1,1,1,63,13,1,1,1,1,1,2,19,3,3,3
2019replication,6,1,1,1,2,2,2,40000,4,1,1,1,2,2,1,70,50,1,1,2,2,1,2,23,3,3,3
2019replication,3,1,2,1,2,2,2,80000,4,1,1,1,2,2,1,79,35,1,1,1,2,1,1,18,3,1,3
2019replication,5,2,2,1,1,1,2,70000,5,1,1,1,2,2,1,52,5,1,1,1,2,2,2,19,3,3,2
2019replication,5,1,1,1,2,2,2,35000,5,1,1,1,1,2,1,95,45,2,1,2,2,1,1,20,6,1,3
2019replication,4,1,1,1,2,2,2,60000,6,1,1,1,1,2,1,97,10,1,1,1,1,1,2,19,3,1,2
2019replication,7,1,1,1,2,2,2,1.00E+05,4,1,1,1,2,2,1,85,65,1,1,2,1,1,1,18,3,3,3
2019replication,7,2,2,1,2,2,1,2.00E+05,3,1,1,1,2,2,1,90,40,1,2,2,2,1,1,19,3,4,3
2019replication,7,1,1,1,1,2,2,50000,5,1,1,1,2,2,1,20,NA,1,1,1,1,1,2,20,3,3,2
2019replication,8,1,1,1,2,2,2,8.00E+05,4,1,1,1,2,2,1,100,49,1,1,1,1,1,1,21,3,4,2
2019replication,8,1,1,1,1,1,2,57000,4,1,1,1,1,2,1,8,3,1,1,1,1,1,1,20,2,3,3
2019replication,5,2,2,1,2,2,2,1.00E+05,4,1,1,1,2,2,1,90,50,1,1,1,1,1,1,20,3,3,3
2019replication,7,1,1,1,1,2,2,70000,5,1,1,1,,2,1,100,41,1,1,1,1,1,1,21,3,3,3
2019replication,7,2,2,2,1,2,2,NA,4,1,1,1,2,2,1,100,20,1,1,2,2,1,2,20,3,3,3
2019replication,6,1,1,1,2,2,2,49000,5,1,1,1,2,2,1,62,36,1,1,1,1,1,1,18,3,3,3
2019replication,6,1,1,2,2,2,2,60000,5,1,1,1,2,2,1,100,50,1,1,2,1,1,2,19,3,3,3
HongKong,7,1,1,1,1,1,1,1.00E+05,1,1,1,1,1,1,1,,,1,1,1,1,1,1,,,,1
HongKong,7,2,2,2,2,1,1,240000,3,1,1,1,1,2,1,,,1,1,1,2,1,1,,,,2
HongKong,8,1,1,2,2,2,2,2.00E+05,3,1,1,1,1,2,1,,,1,1,1,1,1,2,,,,2
HongKong,6,2,2,2,2,2,2,240000,1,1,2,1,1,1,2,,,2,2,2,2,1,2,,,,2
HongKong,8,1,1,2,2,2,2,1.00E+05,3,1,1,1,1,2,2,,,1,1,NA,2,2,1,,,,3
HongKong,5,1,1,1,1,1,1,180000,3,1,1,1,1,1,2,,,1,1,1,1,1,1,,,,3
HongKong,6,1,2,1,1,1,1,NA,3,1,1,1,1,1,1,,,2,1,1,2,1,1,,,,3
HongKong,6,1,2,2,2,2,2,NA,4,1,1,1,1,2,2,,,1,1,1,1,1,1,,,,3
HongKong,5,2,2,2,2,2,2,160000,1,1,1,1,1,2,2,,,2,2,2,2,1,1,,,,3
HongKong,8,1,1,1,2,2,2,0,3,1,1,1,1,2,1,,,1,1,NA,1,2,2,,,,3
HongKong,4,1,1,1,1,1,1,240000,5,1,1,1,1,2,1,,,1,1,1,1,1,2,,,,3
HongKong,6,1,1,2,2,2,2,150000,1,1,1,1,1,2,2,,,1,2,2,2,1,2,,,,3
HongKong,9,1,1,2,2,2,2,433671,4,1,1,1,1,2,2,,,1,1,1,1,1,1,,,,4
HongKong,6,1,1,1,1,1,1,5000,3,1,1,1,1,1,1,,,1,1,1,1,1,1,,,,4
HongKong,5,1,1,1,1,2,2,0,4,1,1,1,1,2,1,,,1,1,1,1,2,1,,,,4
HongKong,6,1,1,1,2,2,1,420000,2,1,1,1,1,1,1,,,1,2,2,1,1,1,,,,4
HongKong,6,1,1,1,1,1,1,5.00E+05,6,1,1,1,1,1,2,,,1,1,1,1,1,1,,,,4
HongKong,5,2,2,1,1,1,2,360000,3,1,1,1,1,2,2,,,2,2,2,1,1,1,,,,4
HongKong,4,2,2,2,2,2,2,250000,5,1,1,1,1,2,2,,,1,2,1,1,1,1,,,,4
HongKong,6,1,1,2,2,2,2,580000,1,1,1,1,1,2,2,,,2,2,2,2,1,1,,,,4
HongKong,6,2,2,2,2,2,2,180000,1,1,1,1,1,2,2,,,2,2,2,2,1,1,,,,4
HongKong,6,2,2,2,2,2,2,120000,1,1,1,1,1,2,2,,,2,2,2,2,2,1,,,,4
HongKong,6,2,2,2,2,2,2,0,4,1,1,1,1,2,2,,,1,2,2,1,2,1,,,,4
HongKong,5,1,1,2,1,1,2,30000,4,1,1,1,1,2,1,,,1,2,2,1,1,2,,,,4
HongKong,6,2,2,2,2,2,2,319200,2,2,1,1,1,1,2,,,1,2,1,1,1,2,,,,4
HongKong,7,1,1,1,2,2,2,3.00E+05,4,1,1,1,1,2,1,,,1,1,1,1,1,2,,,,4
HongKong,6,1,1,1,2,2,2,4.00E+06,3,1,1,1,1,2,1,,,1,1,1,1,1,2,,,,4
HongKong,6,1,1,2,2,2,2,360000,5,1,1,1,1,2,1,,,1,1,1,2,1,2,,,,4
HongKong,6,2,2,2,2,2,2,2.00E+05,3,1,1,1,1,2,2,,,1,2,1,2,1,2,,,,4
HongKong,7,2,2,2,2,2,1,3.00E+05,2,1,1,1,1,2,2,,,2,2,1,2,1,2,,,,4
HongKong,6,2,2,2,2,2,2,150000,3,1,1,1,1,2,2,,,1,2,2,2,1,2,,,,4
HongKong,5,2,2,2,2,2,2,240000,3,1,1,1,1,2,2,,,2,2,2,2,1,2,,,,4
HongKong,6,1,1,2,2,2,2,2.00E+05,4,1,1,1,1,2,2,,,1,1,1,1,1,2,,,,4
HongKong,6,1,1,2,2,2,2,240000,5,1,1,1,1,2,1,,,1,1,1,1,1,2,,,,4
HongKong,6,1,1,1,2,2,2,165000,3,1,1,1,1,2,2,,,1,2,1,1,1,2,,,,4
HongKong,3,2,2,2,2,2,2,250000,2,1,1,1,1,2,2,,,1,2,2,1,1,1,,,,5
HongKong,6,2,2,2,2,2,2,3.00E+05,1,1,1,1,1,1,1,,,2,2,2,2,1,1,,,,5
HongKong,6,1,1,2,2,2,2,162000,3,1,1,1,1,2,1,,,1,1,1,1,1,2,,,,5
HongKong,7,1,1,1,2,2,2,0,4,1,1,1,1,2,1,,,1,1,NA,2,2,2,,,,5
HongKong,6,1,1,1,2,2,2,195000,3,1,1,1,1,2,1,,,1,1,1,2,1,2,,,,5
HongKong,6,1,1,2,2,2,2,165000,3,1,1,1,1,2,1,,,1,1,1,1,1,1,,,,1
HongKong,8,1,1,1,1,1,1,NA,5,1,1,1,1,1,1,,,1,1,1,1,1,1,,,,2
HongKong,6,1,1,2,2,2,1,3.00E+05,2,1,1,1,1,2,1,,,1,2,1,1,1,1,,,,2
HongKong,7,1,1,2,2,2,2,360000,2,1,1,1,1,2,1,,,2,2,2,2,1,1,,,,2
HongKong,6,2,2,1,2,2,2,NA,3,1,1,1,1,2,2,,,2,2,1,1,1,1,,,,2
HongKong,5,2,2,1,2,2,2,0,1,1,1,1,1,1,2,,,2,2,1,1,2,2,,,,2
HongKong,6,2,2,2,2,2,1,1.00E+05,1,1,1,1,1,2,1,,,2,2,2,2,1,2,,,,2
HongKong,9,1,1,2,2,2,2,1.00E+05,3,1,1,1,1,2,1,,,1,1,1,1,1,1,,,,3
HongKong,6,1,1,2,2,2,2,360000,1,1,1,1,1,2,1,,,1,2,1,1,1,1,,,,3
HongKong,8,1,1,2,2,2,2,162000,2,1,1,1,1,1,2,,,1,2,2,1,1,2,,,,3
HongKong,7,1,2,2,2,2,2,360000,1,1,1,1,1,1,2,,,1,2,2,2,1,2,,,,3
HongKong,7,2,2,2,2,2,2,25000,3,1,1,1,1,2,2,,,1,2,2,2,1,2,,,,3
HongKong,6,1,1,2,2,2,1,1200000,2,1,1,1,1,2,1,,,1,1,1,1,1,1,,,,4
HongKong,6,2,2,2,2,2,1,240000,2,1,2,1,1,2,2,,,2,2,2,1,1,1,,,,4
HongKong,5,1,1,2,2,2,2,360000,2,1,1,1,1,2,1,,,1,1,1,2,1,1,,,,4
HongKong,7,1,1,2,2,2,2,360000,2,1,1,1,1,2,1,,,1,1,1,1,1,1,,,,4
HongKong,6,1,1,2,2,2,2,6.00E+05,2,1,1,1,1,2,1,,,1,2,1,1,1,1,,,,4
HongKong,6,2,2,2,2,2,2,0,1,1,1,1,1,1,2,,,2,2,2,2,2,1,,,,4
HongKong,6,2,2,2,2,2,2,4.00E+05,2,1,1,1,1,2,2,,,1,2,2,2,1,1,,,,4
HongKong,7,2,2,2,2,2,2,162000,2,1,1,2,1,2,2,,,2,2,2,2,2,1,,,,4
HongKong,6,1,1,2,2,2,2,250000,3,1,1,1,1,2,2,,,1,2,2,2,1,1,,,,4
HongKong,7,2,2,2,2,2,2,150000,4,1,1,1,1,2,2,,,1,2,1,1,1,1,,,,4
HongKong,7,1,1,2,2,2,2,2.00E+05,3,1,1,1,1,2,2,,,1,2,1,1,1,1,,,,4
HongKong,7,2,2,2,2,2,2,240000,2,1,1,1,1,2,1,,,1,2,1,1,1,2,,,,4
HongKong,7,1,1,2,2,2,2,230500,3,1,1,1,1,1,2,,,1,1,2,1,1,2,,,,4
HongKong,6,1,1,2,2,2,2,60000,2,1,1,1,1,2,1,,,2,1,2,2,1,2,,,,4
HongKong,6,1,1,2,2,2,2,750000,2,1,1,2,1,2,2,,,1,1,1,2,1,2,,,,4
HongKong,3,2,2,2,2,2,1,0,1,1,2,1,1,1,2,,,2,2,2,2,1,2,,,,4
HongKong,6,2,2,2,2,2,2,385000,3,1,1,1,1,2,2,,,2,2,2,2,1,2,,,,4
HongKong,7,2,1,2,2,2,2,250000,2,1,1,1,1,1,2,,,1,2,1,2,1,2,,,,4
HongKong,5,2,2,2,2,1,1,250000,2,1,1,1,1,2,2,,,2,2,2,2,1,2,,,,4
HongKong,6,2,2,1,1,2,2,170000,3,1,1,1,1,2,2,,,1,2,2,2,1,2,,,,4
HongKong,6,2,2,2,2,2,2,0,4,1,1,2,1,2,2,,,2,2,2,2,1,2,,,,4
HongKong,6,2,2,2,2,2,2,180000,3,1,1,1,1,2,2,,,2,2,2,2,1,2,,,,4
HongKong,6,2,2,2,2,2,2,1500000,2,1,1,1,1,2,2,,,1,2,1,1,1,2,,,,4
HongKong,7,2,2,2,2,2,1,3.00E+05,2,1,1,1,1,2,2,,,2,2,1,2,1,2,,,,4
HongKong,6,2,2,2,2,2,2,2800000,2,1,1,1,1,2,1,,,1,2,2,2,1,1,,,,5
HongKong,7,1,1,2,2,2,2,0,2,1,2,1,1,2,1,,,1,1,1,2,1,2,,,,5
HongKong,6,1,2,2,2,2,2,1200000,2,1,1,1,1,2,1,,,1,2,2,2,1,2,,,,5
HongKong,7,2,1,2,2,2,2,480000,2,1,1,1,1,2,1,,,1,2,1,1,1,1,,,,6
HongKong,9,2,2,2,2,2,2,2.00E+05,1,1,2,1,1,2,2,,,2,2,2,2,1,1,,,,1
HongKong,6,2,2,2,2,2,2,3.00E+05,4,1,1,1,1,2,2,,,1,2,1,1,1,1,,,,1
HongKong,8,1,1,2,2,2,2,0,3,1,1,1,1,2,1,,,1,1,1,1,2,2,,,,1
HongKong,9,2,1,1,2,1,1,0,no,1,1,2,1,1,1,,,1,2,2,2,2,2,,,,1
HongKong,3,2,2,2,2,2,2,185000,3,1,1,1,1,2,2,,,2,2,2,2,1,2,,,,1
HongKong,3,2,2,2,2,2,2,0,4,1,1,1,1,1,2,,,1,2,2,1,2,2,,,,1
HongKong,7,1,1,1,1,1,1,NA,yes,1,1,1,1,1,1,,,1,1,1,1,1,1,,,,2
HongKong,5,1,1,1,2,2,2,30000,3,1,1,1,1,2,1,,,1,1,1,1,1,1,,,,2
HongKong,7,1,1,2,2,2,2,5.00E+05,6,1,1,1,1,2,1,,,1,1,1,1,1,1,,,,2
HongKong,4,2,2,1,1,1,2,0,1,1,1,1,1,2,2,,,2,2,2,1,2,1,,,,2
HongKong,5,2,2,2,2,2,2,50000,2,1,1,1,1,2,1,,,1,2,1,1,1,1,,,,2
HongKong,4,2,2,2,2,2,2,0,3,1,1,1,1,2,1,,,1,2,1,1,2,1,,,,2
HongKong,8,1,1,1,2,2,2,0,4,1,1,1,1,2,1,,,2,2,2,1,2,2,,,,2
HongKong,8,1,2,1,2,2,2,150000,2,1,1,1,1,2,1,,,2,2,2,1,1,2,,,,2
HongKong,6,1,1,1,1,1,1,180000,3,1,1,1,1,2,1,,,1,1,1,1,1,2,,,,2
HongKong,8,1,1,2,2,2,2,70000,4,1,1,1,1,2,1,,,1,2,NA,1,2,2,,,,2
HongKong,7,1,1,2,2,2,2,3.00E+05,4,1,1,1,1,2,1,,,1,1,1,1,1,2,,,,2
HongKong,6,1,1,2,2,2,2,360000,1,1,1,1,1,2,2,,,1,2,2,2,1,2,,,,2
HongKong,8,1,1,2,2,2,2,0,8,1,1,1,1,2,1,,,1,1,1,1,2,2,,,,3
HongKong,6,1,1,2,2,2,2,4.00E+05,3,1,1,1,1,2,1,,,1,2,1,1,1,2,,,,3
HongKong,5,1,1,2,2,2,2,70000,2,1,1,1,1,2,1,,,2,1,1,1,2,1,,,,4
HongKong,7,1,1,2,2,2,2,360000,4,1,1,1,1,1,1,,,1,1,1,1,1,1,,,,4
HongKong,7,1,1,1,2,2,1,4.00E+06,2,1,1,1,1,2,1,,,1,1,1,1,2,1,,,,4
HongKong,8,1,1,1,1,1,1,NA,4,1,1,1,1,1,1,,,1,1,1,1,1,1,,,,4
HongKong,7,1,1,2,2,2,2,5.00E+05,3,1,1,1,1,2,1,,,1,2,2,2,1,1,,,,4
HongKong,7,1,1,2,2,2,2,1200000,4,1,1,1,1,2,1,,,1,1,1,1,1,1,,,,4
HongKong,6,1,1,2,2,2,2,6.00E+05,4,1,1,1,1,2,1,,,1,2,1,1,1,1,,,,4
HongKong,6,2,2,1,1,1,1,7.00E+05,6,1,1,1,1,2,1,,,2,2,1,1,1,1,,,,4
HongKong,7,1,1,2,2,2,2,1.00E+06,3,1,1,1,1,2,1,,,1,2,1,1,1,1,,,,4
HongKong,8,1,1,2,2,2,2,8.00E+05,4,1,1,1,1,2,1,,,1,2,1,1,1,2,,,,4
HongKong,7,1,1,2,2,2,2,0,3,1,1,1,1,2,1,,,1,1,1,1,2,2,,,,4
HongKong,5,1,2,2,2,2,2,360000,3,1,1,1,1,2,1,,,1,1,1,1,1,2,,,,4
HongKong,7,1,1,1,2,2,2,2.00E+05,2,1,1,1,1,2,1,,,1,2,1,2,1,1,,,,5
HongKong,6,1,2,2,2,2,1,564000,4,1,1,1,1,1,2,,,1,1,2,2,1,1,,,,5
HongKong,7,2,2,2,2,2,2,2500000,4,1,1,1,1,2,1,,,1,2,1,1,1,1,,,,5
HongKong,7,2,2,2,1,2,2,NA,3,1,1,1,1,2,1,,,1,2,2,1,1,2,,,,5
HongKong,7,1,1,2,2,2,2,240000,2,1,1,1,1,2,1,,,1,1,1,1,1,2,,,,5
HongKong,7,1,1,2,2,2,2,6.00E+05,4,1,1,1,1,2,1,,,1,1,1,1,1,2,,,,5
HongKong,6,1,1,2,2,2,2,1500000,5,1,1,1,1,2,2,,,1,2,1,1,1,2,,,,6
HongKong,7,2,2,1,1,1,1,1200000,5,1,1,1,1,2,1,,,2,2,1,1,1,2,,,,6
HongKong,5,1,2,2,2,2,2,120000,1,1,1,1,1,2,2,,,2,2,1,1,1,1,,,,1
HongKong,5,2,2,2,2,2,2,0,3,1,1,1,1,2,2,,,2,2,2,1,2,1,,,,1
HongKong,4,2,2,2,2,2,2,84000,1,1,2,2,1,1,2,,,2,2,2,2,1,1,,,,1
HongKong,7,1,1,2,2,2,1,96000,2,1,1,1,1,2,1,,,1,2,1,1,1,2,,,,1
HongKong,2,2,2,2,2,2,1,12000,2,1,1,1,1,2,2,,,2,2,1,1,1,2,,,,1
HongKong,5,2,2,2,2,2,2,166200,1,1,2,1,1,2,2,,,2,2,2,2,1,2,,,,1
HongKong,6,1,1,2,2,2,2,380000,1000,1,1,1,1,2,2,,,1,1,1,1,1,1,,,,2
HongKong,4,2,2,2,2,2,2,0,3,1,1,1,1,2,2,,,1,2,NA,1,2,1,,,,2
HongKong,6,2,2,2,2,2,2,0,3,1,1,1,1,2,1,,,1,2,NA,1,2,1,,,,2
HongKong,6,1,2,1,2,1,2,0,2,1,1,1,1,2,2,,,1,1,1,1,2,2,,,,2
HongKong,7,2,2,2,2,2,2,1200000,5,1,1,1,1,2,1,,,1,2,2,1,1,2,,,,2
HongKong,7,1,1,2,2,2,2,0,4,1,1,1,1,2,1,,,1,2,1,1,2,2,,,,2
HongKong,7,2,2,2,2,2,2,0,12,1,1,1,1,2,1,,,1,2,NA,1,2,2,,,,2
HongKong,6,2,2,1,1,1,1,0,3,1,1,1,1,2,1,,,2,2,NA,1,2,2,,,,2
HongKong,6,2,2,2,2,2,2,180000,4,1,1,1,1,2,1,,,1,2,1,1,1,2,,,,2
HongKong,5,2,2,2,2,2,2,0,2,1,2,1,1,2,2,,,1,1,2,1,2,2,,,,2
HongKong,4,2,2,2,2,2,2,60000,4,1,1,1,1,2,2,,,1,2,2,1,1,2,,,,2
HongKong,5,2,2,2,2,2,2,0,2,1,1,1,1,2,2,,,2,2,NA,1,2,2,,,,2
HongKong,6,1,1,2,2,2,2,720000,4,1,1,1,1,2,1,,,1,1,1,1,1,1,,,,3
HongKong,4,2,2,1,1,1,2,150000,1,1,2,1,1,1,2,,,1,2,2,2,1,1,,,,3
HongKong,6,1,2,2,2,2,2,1100000,2,1,1,1,1,2,1,,,1,2,1,2,1,1,,,,3
HongKong,5,2,2,2,2,2,2,0,3,1,1,1,1,2,1,,,1,2,NA,1,2,1,,,,3
HongKong,6,2,2,2,2,2,1,1.00E+06,5,1,1,1,1,2,2,,,1,2,2,2,1,1,,,,3
HongKong,4,2,2,1,1,2,2,360000,1,1,1,1,1,2,2,,,2,2,1,1,1,2,,,,3
HongKong,7,2,2,2,2,2,2,0,6,1,1,1,1,1,2,,,2,2,NA,1,2,2,,,,3
HongKong,8,1,1,2,2,2,2,5.00E+05,3,1,1,1,1,2,1,,,1,1,1,1,2,1,,,,4
HongKong,8,1,1,2,2,2,2,8.00E+05,3,1,1,1,1,2,1,,,1,1,1,1,1,1,,,,4
HongKong,7,1,1,2,1,2,2,45000,25000,1,1,1,1,2,1,,,2,2,1,1,1,1,,,,4
HongKong,7,2,2,1,2,2,2,420000,4,1,1,1,1,1,2,,,2,2,2,1,1,1,,,,4
HongKong,6,1,1,2,2,2,2,650000,6,1,1,1,1,2,1,,,1,2,1,1,1,1,,,,4
HongKong,7,1,1,2,2,2,2,715000,4,1,1,1,1,2,1,,,1,1,1,1,1,1,,,,4
HongKong,7,2,2,2,2,2,2,5.00E+05,3,1,1,1,1,2,2,,,1,2,1,1,1,2,,,,4
HongKong,4,2,2,2,2,2,1,360000,4,1,1,1,1,2,2,,,1,2,2,1,1,2,,,,4
HongKong,6,1,2,2,2,2,2,0,5,1,1,1,1,2,1,,,1,1,NA,1,2,2,,,,4
HongKong,4,2,1,1,1,2,1,10000,4,1,1,1,1,2,1,,,1,2,1,2,2,1,,,,5
HongKong,6,2,2,2,2,2,1,1.00E+06,3,1,1,1,1,2,1,,,1,2,1,1,1,1,,,,5
HongKong,7,1,2,2,2,2,2,650000,6,1,1,1,1,2,1,,,1,2,2,2,1,2,,,,5
HongKong,6,2,2,2,1,2,2,1450000,4,1,1,1,1,2,1,,,1,2,1,1,1,1,,,,6
HongKong,6,1,1,1,2,2,2,6.00E+05,2,1,1,1,1,2,1,,,1,1,1,1,1,1,,,,6
HongKong,7,1,1,2,2,2,2,1.00E+06,4,1,1,1,1,2,1,,,1,2,1,1,1,2,,,,6
HongKong,6,2,2,2,2,2,2,0,2,1,1,1,1,2,1,,,2,2,2,1,2,1,,,,1
HongKong,5,2,2,1,1,2,2,0,3,1,1,1,1,2,2,,,1,2,NA,1,2,1,,,,1
HongKong,5,2,2,2,2,2,2,0,2,1,2,1,1,2,2,,,1,2,NA,1,2,1,,,,1
HongKong,5,2,2,2,2,2,2,0,1,1,2,2,1,2,2,,,2,2,2,2,2,1,,,,1
HongKong,6,2,2,1,1,2,1,72000,2,1,1,1,1,2,1,,,1,2,NA,1,2,2,,,,1
HongKong,7,2,2,2,2,2,2,0,2,1,1,1,1,2,1,,,1,2,NA,1,2,2,,,,1
HongKong,8,1,1,2,2,2,2,0,2,1,1,1,1,2,1,,,1,2,NA,1,2,2,,,,1
HongKong,7,2,2,2,2,2,2,36000,2,1,1,1,1,2,1,,,1,2,NA,1,2,2,,,,1
HongKong,5,1,1,2,2,2,2,0,3,1,1,1,1,2,1,,,1,2,NA,1,2,2,,,,1
HongKong,3,2,2,2,2,2,2,60000,1,1,2,2,1,2,2,,,2,2,2,1,1,2,,,,1
HongKong,4,2,2,2,1,1,2,0,1,2,2,2,1,2,1,,,2,2,2,1,2,2,,,,1
HongKong,3,2,2,2,2,2,2,0,3,1,1,1,1,2,1,,,1,2,NA,1,2,2,,,,1
HongKong,7,1,1,2,2,2,2,0,5,1,1,1,1,2,1,,,1,2,NA,1,2,1,,,,2
HongKong,7,2,2,2,2,2,2,0,3,1,1,1,1,2,1,,,1,2,NA,1,2,1,,,,2
HongKong,6,2,2,2,2,2,2,0,1,1,1,1,1,2,1,,,2,2,1,1,2,1,,,,2
HongKong,4,2,2,2,1,1,2,0,2,1,1,1,1,2,2,,,2,2,2,1,2,2,,,,2
HongKong,6,2,2,2,2,2,2,240000,1,1,2,1,1,2,1,,,2,2,1,2,1,2,,,,2
HongKong,5,2,2,2,2,2,2,0,3,1,2,2,1,2,2,,,1,2,NA,1,2,2,,,,2
HongKong,6,1,1,2,2,2,2,0,4,1,1,1,1,2,1,,,1,1,NA,1,2,2,,,,2
HongKong,7,2,2,2,2,2,2,0,2,1,1,1,1,2,2,,,1,2,2,2,2,1,,,,3
HongKong,6,2,2,1,1,1,1,0,1,1,1,1,1,2,1,,,2,2,NA,1,2,2,,,,3
HongKong,6,2,2,2,2,2,2,0,5,1,1,1,1,2,2,,,2,2,2,2,2,2,,,,3
HongKong,6,2,2,2,1,1,2,0,1,1,1,1,1,2,1,,,1,2,2,1,2,2,,,,3
HongKong,7,2,2,1,1,1,1,0,1,1,1,1,1,2,1,,,1,2,1,1,2,2,,,,3
HongKong,8,2,1,2,2,2,2,0,2,1,1,1,1,2,1,,,1,1,NA,1,2,1,,,,4
HongKong,9,1,1,2,2,2,2,8.00E+05,4,1,1,1,1,2,1,,,1,1,1,1,1,1,,,,4
HongKong,10,1,1,2,2,2,2,360000,2,1,1,1,1,2,1,,,1,1,1,1,1,1,,,,4
HongKong,7,2,2,1,1,2,2,0,6,1,1,1,1,2,1,,,1,2,1,1,2,1,,,,4
HongKong,6,2,2,2,2,2,2,0,2,1,1,1,1,2,2,,,1,2,1,1,2,1,,,,4
HongKong,5,2,2,2,2,2,2,5.00E+05,6,1,1,1,1,2,2,,,1,2,1,1,1,1,,,,4
HongKong,8,1,1,2,2,2,2,0,4,1,1,1,1,2,1,,,1,2,NA,1,2,2,,,,4
HongKong,7,1,1,2,2,2,2,0,6,1,1,1,1,2,1,,,1,1,NA,1,2,2,,,,4
HongKong,6,2,2,2,2,2,2,4.00E+05,4,1,1,1,1,2,1,,,1,2,1,1,1,2,,,,4
HongKong,7,2,2,1,1,2,2,720000,2,1,1,1,1,2,1,,,1,2,1,1,1,1,,,,5
HongKong,6,1,1,2,2,2,2,360000,4,1,1,1,1,2,1,,,1,1,1,1,1,1,,,,5
HongKong,6,1,2,2,2,2,2,2.00E+06,5,1,1,1,1,2,1,,,1,1,1,1,1,1,,,,5
HongKong,9,1,1,2,2,2,2,5.00E+05,2,1,1,1,1,2,1,,,1,1,1,1,1,2,,,,5
HongKong,5,1,1,2,2,2,2,0,2,1,1,1,1,2,1,,,2,1,2,2,2,2,,,,5
HongKong,6,2,2,2,2,1,2,1500000,6,1,1,1,1,2,1,,,1,1,1,2,1,1,,,,6
HongKong,6,2,2,1,1,2,1,80000,5,1,1,1,1,2,1,,,1,2,1,1,1,1,,,,6
psy250.,7,1,1,2,1,1,1,,5,1,1,1,,,,50,20,1,1,1,1,1,2,19,,,
psy250.,3,1,2,2,2,2,1,7000,1,1,1,1,,,,29,5,2,1,1,2,1,2,22,,,
psy250.,4,2,2,2,2,2,2,,,1,1,1,,,,60,6,1,1,2,,1,2,23,,,
psy250.,6,1,2,1,1,1,1,,3,1,1,1,,,,80,50,1,1,1,1,2,2,23,,,
psy250.,6,2,2,2,2,2,2,60000,4,1,1,1,,,,75,70,1,1,2,,1,2,22,,,
psy250.,4,2,2,2,2,2,1,24000,4,1,2,1,,,,20,1,2,1,1,2,2,1,22,,,
psy250.,3,2,2,2,2,2,1,50000,3,1,1,1,,,,25,12,2,1,2,,1,2,22,,,
psy250.,6,1,1,1,1,1,1,64000,5,1,1,1,,,,66,20,2,1,1,1,1,2,21,,,
psy250.,3,2,2,2,2,2,2,90000,7,1,1,1,,,,23,0,2,2,1,2,2,2,21,,,
psy250.,6,2,2,2,2,1,1,5000,4,1,1,1,,,,68,1,1,2,2,,1,2,21,,,
psy250.,10,1,1,1,1,1,1,80000,2,1,1,1,,,,100,40,2,1,1,1,1,2,23,,,
psy250.,6,1,1,1,1,1,1,,3,1,1,1,,,,92,32,2,1,1,1,1,2,20,,,
psy250.,10,1,1,1,1,1,1,120000,3,1,1,1,,,,100,91,1,2,1,1,1,1,52,,,
psy250.,5,1,1,1,1,1,1,35000,6,1,2,1,,,,,17,1,1,2,,1,2,,,,
psy250.,8,1,1,1,1,1,1,,4,1,1,1,,,,100,99,1,1,2,,1,1,21,,,
psy250.,7,2,1,2,1,1,1,,5,1,1,1,,,,40,15,1,1,2,,1,1,21,,,
psy250.,5,1,1,2,1,1,1,90000,5,1,1,1,,,,99,82,2,1,1,2,2,2,21,,,
psy250.,6,1,1,1,1,1,1,275000,5,1,1,1,,,,0,,1,1,2,,1,2,19,,,
psy250.,6,1,1,1,1,1,1,,2,1,1,1,,,,0,,1,2,1,2,1,2,19,,,
psy250.,6,2,2,2,1,1,2,,6,1,1,1,,,,85,11,2,1,1,2,2,2,22,,,
psy250.,8,1,1,1,2,2,2,,7,1,1,1,,,,6,,2,2,1,1,1,2,21,,,
psy250.,2,2,2,2,2,2,2,,6,1,1,1,,,,19,13,2,2,2,,1,2,20,,,
psy250.,6,1,1,1,1,1,2,1.00E+07,4,1,1,1,,,,100,0,2,2,2,,1,1,21,,,
psy250.,3,1,1,2,1,1,1,,6,1,1,1,,,,10,0,1,1,2,,2,2,20,,,
psy250.,7,1,1,1,1,1,1,160000,4,1,1,1,,,,76,11,2,1,2,,2,2,21,,,
psy250.,4,2,2,2,2,2,2,,6,1,1,1,,,,23,0,1,2,2,,2,2,20,,,
psy250.,8,1,1,1,1,1,1,0,1,1,1,1,,,,100,100,1,2,2,,2,2,22,,,
psy250.,5,1,1,1,1,1,1,70000,4,1,1,1,,,,100,19,1,2,2,,2,2,22,,,
psy250.,8,2,2,2,2,1,1,,3,1,1,1,,,,68,30,1,2,2,,2,2,21,,,
psy250.,6,1,1,1,1,1,1,,,1,1,1,,,,,,1,1,2,,1,,,,,
psy250.,9,1,1,1,1,1,1,28000,6,1,1,1,,,,50,5,1,1,1,1,1,2,45,,,
psy250.,7,1,1,1,1,1,1,4999,1,1,1,1,,,,100,70,2,2,1,1,2,2,23,,,
psy250.,4,1,2,1,2,1,2,,5,1,1,1,,,,56,11,2,2,2,,1,2,20,,,
psy250.,9,1,1,1,1,1,2,33300,3,1,1,1,,,,100,49,1,2,1,1,2,2,23,,,
psy250.,7,1,2,2,2,1,2,,4,1,2,1,,,,80,20,1,1,1,2,1,1,20,,,
psy250.,10,1,1,1,1,2,1,100000,5,1,1,1,,,,100,99,1,1,1,2,2,2,21,,,
psy250.,8,2,2,2,2,1,1,,4,1,1,1,,,,62,30,1,1,2,,1,2,20,,,
psy250.,7,1,1,1,1,1,1,4245,3,1,1,1,,,,49,4,2,1,1,1,1,2,21,,,
psy250.,6,1,1,2,2,1,1,10000,6,1,1,1,,,,66,32,1,1,1,1,1,2,20,,,
psy250.,5,1,2,2,1,1,1,,,1,1,1,,,,90,80,1,2,1,1,2,2,23,,,
psy250.,7,1,1,1,1,1,1,200000,4,1,1,1,,,,40,17,1,1,2,,1,2,20,,,
psy250.,5,1,1,2,2,1,1,,4,1,2,1,,,,100,,1,2,1,1,2,2,20,,,
psy250.,5,1,1,2,1,1,1,125000,4,1,1,1,,,,90,75,1,1,2,,1,2,19,,,
psy250.,8,1,1,1,1,1,1,275000,5,1,1,1,,,,10,,1,1,2,,1,2,19,,,
psy250.,8,1,1,2,2,2,2,,5,1,1,1,,,,100,50,1,2,2,,1,2,20,,,
psy250.,7,1,1,1,1,1,1,,3,1,1,1,,,,100,100,1,1,2,,1,1,25,,,
psy250.,6,1,1,1,1,1,1,30000,2,1,1,1,,,,10,,1,1,1,1,1,2,21,,,
psy250.,9,1,1,1,1,1,1,30000,2,1,2,2,,,,90,10,1,1,1,1,2,1,20,,,
psy250.,5,2,2,2,2,2,1,70000,2,1,1,1,,,,40,15,2,2,1,2,2,2,20,,,
psy250.,8,1,1,2,1,2,1,,5,1,1,1,,,,65,18,1,1,2,,1,2,19,,,
psy250.,4,2,1,1,1,1,2,0,5,1,1,1,,,,50,,1,2,2,,1,1,,,,
psy250.,5,1,1,2,1,1,1,,,1,2,1,,,,55,0,1,2,1,2,2,1,,,,
psy250.,4,1,2,2,2,1,1,90000,4,1,1,1,,,,51,80,1,2,2,,1,1,19,,,
psy250.,8,1,1,1,1,1,1,16000,3,1,1,1,,,,60,0,1,1,1,1,1,1,22,,,
psy250.,6,1,1,1,1,1,1,50000,2,1,1,1,,,,50,25,1,1,1,1,1,2,20,,,
psy250.,6,2,2,1,1,1,2,80000,3,1,1,1,,,,,2,2,2,1,2,1,2,21,,,
psy250.,8,1,1,1,1,1,1,80000,6,1,1,1,,,,80,19,2,1,1,1,1,2,20,,,
psy250.,5,1,1,2,1,1,1,10000,4,1,1,1,,,,40,20,1,1,1,2,2,2,21,,,
psy250.,8,1,1,1,1,1,1,6000,1,1,1,1,,,,40,0,2,2,1,2,1,2,20,,,
psy250.,8,1,1,2,1,1,2,80000,4,1,1,1,,,,100,9,1,1,1,1,2,2,23,,,
psy250.,8,1,1,2,1,1,1,100000,5,1,1,1,,,,20,5,1,1,2,,1,1,20,,,
psy250.,6,1,1,1,2,1,1,,8,1,1,1,,,,20,,1,1,1,2,1,2,20,,,
psy250.,5,1,1,1,1,1,1,70000,5,1,1,1,,,,20,5,2,1,1,1,1,2,23,,,
psy250.,7,1,1,1,1,1,1,,,1,1,1,,,,85,20,1,1,1,1,1,2,21,,,
psy250.,7,1,1,1,1,1,1,0,1,1,1,1,,,,100,92,1,1,2,,1,2,23,,,
psy250.,5,2,2,2,1,1,1,,4,1,1,1,,,,95,96,1,1,2,,1,2,20,,,
psy250.,5,1,1,1,1,1,1,220000,5,1,1,1,,,,90,15,2,1,1,1,2,2,,,,
psy250.,8,1,1,2,1,1,1,100000,6,1,1,1,,,,80,10,1,1,1,1,1,2,21,,,
psy250.,2,2,2,2,2,2,2,40000,3,1,1,1,,,,30,0,2,1,1,2,2,2,22,,,
psy250.,8,1,1,1,1,1,1,,,1,1,1,,,,50,,1,1,1,1,1,2,22,,,
psy250.,7,1,1,1,1,1,1,,1,2,1,1,,,,81,50,1,1,1,2,1,2,24,,,
psy250.,5,2,2,2,1,1,1,25000,3,1,1,1,,,,68,14,1,1,1,1,2,1,20,,,
psy250.,7,1,1,2,1,1,1,,,1,1,1,,,,100,95,1,2,1,1,1,2,20,,,
psy250.,8,1,1,2,1,1,1,100000,5,1,1,1,,,,100,100,2,2,1,1,1,2,23,,,
psy250.,8,1,1,1,1,1,1,,,1,1,1,,,,100,,1,1,1,1,1,2,21,,,
psy250.,6,1,1,1,1,1,1,35000,1,1,1,1,,,,100,70,1,1,1,1,1,2,,,,
psy250.,6,1,1,1,1,1,1,30000,2,1,1,1,,,,10,2,1,1,1,1,1,2,22,,,
psy250.,8,2,2,2,1,1,1,,3,1,1,1,,,,50,,1,1,1,1,1,1,21,,,
psy250.,6,1,1,2,1,1,1,,4,1,1,1,,,,100,85,2,2,2,,1,2,24,,,
psy250.,7,1,1,1,1,1,1,209000,4,1,1,1,,,,90,35,1,1,1,2,1,2,19,,,
psy250.,9,1,1,1,1,1,1,0,1,1,1,1,,,,100,100,1,2,1,1,2,2,22,,,
psy250.,6,1,1,1,1,2,1,,4,1,1,1,,,,54,41,2,2,2,,2,2,,,,
psy250.,8,1,1,2,1,1,1,50000,6,1,1,1,,,,56,35,1,1,2,,1,2,20,,,
psy250.,4,2,2,2,2,2,1,69000,5,1,1,1,,,,12,,1,1,2,,1,1,21,,,
psy250.,7,2,1,2,1,1,1,,4,1,1,1,,,,75,55,1,2,2,,2,1,21,,,
psy250.,7,1,1,2,1,1,1,135000,6,1,1,1,,,,100,64,2,2,1,1,2,2,22,,,
psy250.,5,1,1,2,2,2,1,250000,6,1,1,1,,,,70,5,2,1,1,2,2,1,21,,,
psy250.,4,2,2,2,2,2,1,,,1,1,1,,,,30,,1,2,1,2,1,1,22,,,
psy250.,8,1,1,1,1,1,1,60000,2,1,1,1,,,,100,34,1,1,1,1,1,1,23,,,
psy250.,5,1,1,2,1,1,1,,4,1,1,1,,,,40,1,1,2,2,,1,2,20,,,
psy250.,6,1,1,1,1,1,1,,4,1,1,1,,,,100,,2,2,1,1,1,2,23,,,
psy250.,8,1,1,1,1,1,1,200000,4,1,1,1,,,,91,50,1,1,1,1,1,2,19,,,
psy250.,4,2,2,2,2,2,1,,6,1,1,1,,,,80,38,1,1,1,1,2,2,20,,,
psy250.,7,1,1,2,1,1,1,,,1,1,1,,,,100,30,2,1,1,1,1,2,20,,,
psy250.,8,1,1,2,1,1,1,45000,3,1,1,1,,,,100,20,2,1,1,1,2,1,23,,,
psy250.,4,1,2,2,2,2,1,,5,1,2,1,,,,40,1,2,2,1,2,1,2,21,,,
psy250.,3,1,1,1,1,1,1,56000,6,1,1,1,,,,100,37,2,1,1,1,1,2,19,,,
psy250.,7,1,2,2,2,1,1,0,5,1,2,1,,,,90,15,2,1,2,,2,1,22,,,
psy250.,7,1,1,1,1,1,1,0,1,1,1,1,,,,84,50,1,1,2,,1,1,20,,,
psy250.,8,1,1,1,1,1,1,110000,4,1,1,1,,,,93,69,1,2,1,1,1,2,21,,,
psy250.,5,1,1,2,1,1,2,45000,6,1,1,1,,,,71,31,2,1,1,1,2,1,20,,,
psy250.,4,2,2,2,1,1,1,20000,3,1,2,1,,,,9,,2,1,1,2,1,2,24,,,
psy250.,8,1,1,1,1,1,1,150000,4,1,1,1,,,,100,86,1,1,1,1,2,2,21,,,
psy250.,7,1,1,1,1,1,1,90000,6,1,1,1,,,,100,50,1,2,2,,2,1,22,,,
psy250.,8,1,1,1,1,1,1,110000,4,1,1,1,,,,93,71,1,2,1,1,1,2,21,,,
psy250.,9,1,1,1,1,1,1,80000,4,1,1,1,,,,100,53,1,1,1,1,1,2,23,,,
psy250.,6,1,2,2,2,2,2,25000,1,1,1,1,,,,4,6,2,1,1,1,1,2,22,,,
psy250.,6,2,2,2,1,1,1,2000,6,1,1,1,,,,1,,1,1,1,1,1,2,23,,,
psy250.,7,1,1,2,1,2,1,2001,6,1,1,1,,,,90,30,2,2,1,2,1,2,20,,,
psy250.,8,1,1,2,1,1,2,,4,1,1,1,,,,50,30,1,2,2,,2,2,20,,,
psy250.,6,1,1,2,2,1,2,150000,5,1,1,1,,,,80,18,2,1,2,,1,2,19,,,
psy250.,7,1,1,2,2,1,1,,4,1,1,1,,,,95,60,1,1,1,1,2,2,21,,,
psy250.,7,1,1,2,1,1,1,135000,4,1,1,1,,,,100,0,1,1,1,2,1,2,22,,,
psy250.,5,2,2,2,1,1,1,,5,1,1,1,,,,61,20,1,1,1,2,1,2,22,,,
psy250.,5,2,2,1,1,1,1,18300,2,1,1,1,,,,100,,1,1,1,1,1,1,22,,,
psy250.,7,1,2,2,1,1,1,,,1,1,1,,,,100,10,1,1,2,,1,1,,,,
psy250.,8,1,1,2,1,1,1,,5,1,1,1,,,,67,48,1,1,1,1,2,2,21,,,
psy250.,7,2,2,2,1,1,1,,4,1,1,1,,,,60,20,1,2,1,2,1,1,20,,,
psy250.,8,1,1,1,1,1,1,10001,7,1,1,1,,,,90,52,2,2,2,,2,1,,,,
psy250.,7,1,1,1,2,1,1,,,1,1,1,,,,100,61,1,1,2,,1,2,21,,,
psy250.,1,2,2,2,2,1,2,30000,4,1,1,1,,,,34,10,1,1,2,,1,1,24,,,
psy250.,3,1,1,1,1,1,1,60000,5,1,1,1,,,,7,0,1,2,1,1,1,2,19,,,
psy250.,9,1,1,1,1,1,1,46000,5,1,1,1,,,,100,80,1,1,2,,1,2,,,,
psy250.,6,2,2,2,2,2,2,4000,1,1,1,1,,,,42,10,1,1,1,1,1,2,21,,,
psy250.,3,2,2,2,2,1,1,,3,1,1,1,,,,9,1,1,2,2,,1,1,20,,,
psy250.,10,,1,2,1,2,2,10,4,1,1,2,,,,24,,2,1,2,,2,1,,,,
psy250.,6,2,2,2,1,2,2,22000,1,1,1,1,,,,45,20,2,2,1,2,2,1,23,,,
hatton,6,1,1,2,2,2,1,"60,000",3,,,,,,,,,,,,,,1,,,,
hatton,7,1,1,2,2,2,1,"82,000",6,,,,,,,,,,,,,,2,,,,
hatton,3,2,1,1,1,2,2,"40,000",2,,,,,,,,,,,,,,1,,,,
hatton,8,1,1,2,1,2,1,"70,000",4,,,,,,,,,,,,,,1,,,,
hatton,6,1,1,2,2,2,2,"40,000",3,,,,,,,,,,,,,,2,,,,
hatton,4,1,1,1,2,2,1,"27,000",1,,,,,,,,,,,,,,1,,,,
hatton,8,1,1,2,2,2,2,"62,000",2,,,,,,,,,,,,,,1,,,,
hatton,6,1,1,2,2,2,2,"45,000",1,,,,,,,,,,,,,,2,,,,
hatton,9,1,1,2,2,2,2,,,,,,,,,,,,,,,,,,,,
hatton,8,2,1,2,2,2,1,0,1,,,,,,,,,,,,,,1,,,,
hatton,7,1,1,2,2,2,2,"65,000",1,,,,,,,,,,,,,,2,,,,
hatton,6,1,2,1,2,2,2,"50,000",1,,,,,,,,,,,,,,1,,,,
hatton,9,1,1,2,2,2,2,"150,000",4,,,,,,,,,,,,,,2,,,,
hatton,5,1,2,1,1,2,2,"84,000",6,,,,,,,,,,,,,,1,,,,
hatton,2,2,2,1,1,2,2,"30,000",2,,,,,,,,,,,,,,2,,,,
hatton,5,1,1,1,1,2,1,"25,000",4,,,,,,,,,,,,,,1,,,,
hatton,4,1,2,2,2,2,2,35000,2,,,,,,,,,,,,,,2,,,,
hatton,5,2,2,1,1,2,1,27000,1,,,,,,,,,,,,,,2,,,,
hatton,9,1,1,2,2,2,2,32000,1,,,,,,,,,,,,,,2,,,,
hatton,7,1,1,2,2,2,2,36000,3,,,,,,,,,,,,,,2,,,,
hatton,3,2,2,1,1,1,2,75000,6,,,,,,,,,,,,,,2,,,,
hatton,8,2,2,2,2,2,1,40000,3,,,,,,,,,,,,,,1,,,,
hatton,6,2,2,1,1,1,2,65000,3,,,,,,,,,,,,,,2,,,,
hatton,7,1,1,2,2,2,2,100000,1,,,,,,,,,,,,,,2,,,,
hatton,7,1,1,1,2,2,2,40000,1,,,,,,,,,,,,,,1,,,,
hatton,6,2,1,2,2,2,2,60000,1,,,,,,,,,,,,,,2,,,,
hatton,3,2,1,1,1,1,1,35000,2,,,,,,,,,,,,,,1,,,,
hatton,8,1,2,2,2,2,2,0,3,,,,,,,,,,,,,,2,,,,
hatton,6,1,2,1,2,2,2,48000,4,,,,,,,,,,,,,,2,,,,
hatton,7,2,2,2,2,2,2,66000,2,,,,,,,,,,,,,,1,,,,
hatton,6,1,2,2,2,1,1,"60,000",1,,,,,,,,,,,,,,1,,,,
hatton,5,1,2,1,2,2,2,"25,000",3,,,,,,,,,,,,,,2,,,,
hatton,6,1,2,2,2,1,1,"50,000",4,,,,,,,,,,,,,,2,,,,
hatton,4,1,1,1,2,2,2,"35,000",5,,,,,,,,,,,,,,1,,,,
hatton,5,1,1,1,2,2,1,"40,000",2,,,,,,,,,,,,,,2,,,,
hatton,8,1,1,2,2,2,1,"20,000",4,,,,,,,,,,,,,,1,,,,
hatton,5,1,2,1,1,2,1,"170,000",5,,,,,,,,,,,,,,2,,,,
hatton,4,1,2,1,2,2,1,"30,000",4,,,,,,,,,,,,,,2,,,,
hatton,6,1,1,1,2,2,1,"30,000",4,,,,,,,,,,,,,,2,,,,
hatton,7,1,1,1,2,2,2,"60,000",4,,,,,,,,,,,,,,2,,,,
hatton,8,1,1,1,2,2,2,"35,000",4,,,,,,,,,,,,,,1,,,,
hatton,7,1,2,2,2,1,1,"72,000",4,,,,,,,,,,,,,,1,,,,
hatton,8,1,1,1,2,2,2,"35,000",4,,,,,,,,,,,,,,2,,,,
hatton,7,1,1,1,2,2,2,"60,000",4,,,,,,,,,,,,,,1,,,,
hatton,6,1,2,2,2,1,1,60,5,,,,,,,,,,,,,,1,,,,
hatton,4,1,2,1,2,2,2,25,4,,,,,,,,,,,,,,1,,,,
hatton,5,1,2,2,2,1,2,50,2,,,,,,,,,,,,,,1,,,,
hatton,8,1,1,1,2,2,2,35,4,,,,,,,,,,,,,,2,,,,
hatton,5,1,1,2,2,2,2,40,3,,,,,,,,,,,,,,1,,,,
hatton,4,1,1,2,2,2,2,20,4,,,,,,,,,,,,,,2,,,,
hatton,5,1,1,1,1,2,1,25,3,,,,,,,,,,,,,,1,,,,
hatton,4,1,2,2,2,2,2,36,2,,,,,,,,,,,,,,2,,,,
hatton,5,2,2,1,1,2,1,29,1,,,,,,,,,,,,,,2,,,,
hatton,9,1,1,2,2,2,2,33,1,,,,,,,,,,,,,,2,,,,
hatton,7,1,1,2,2,2,2,54,3,,,,,,,,,,,,,,2,,,,
hatton,3,2,2,1,1,1,2,42,6,,,,,,,,,,,,,,2,,,,
hatton,8,2,2,2,2,2,1,40,3,,,,,,,,,,,,,,2,,,,
hatton,6,2,2,1,1,1,2,65,3,,,,,,,,,,,,,,1,,,,
hatton,7,1,1,2,2,2,2,100,1,,,,,,,,,,,,,,1,,,,
hatton,7,1,1,1,2,2,2,43,1,,,,,,,,,,,,,,2,,,,
hatton,6,2,1,2,2,2,2,60,1,,,,,,,,,,,,,,1,,,,
hatton,3,2,1,1,1,1,1,35,2,,,,,,,,,,,,,,2,,,,
hatton,8,1,2,2,2,2,2,26,3,,,,,,,,,,,,,,2,,,,
hatton,6,1,2,1,2,2,2,48,4,,,,,,,,,,,,,,2,,,,
hatton,7,2,2,2,2,2,2,60,2,,,,,,,,,,,,,,1,,,,
hatton,6,1,2,2,2,1,1,40,1,,,,,,,,,,,,,,2,,,,
hatton,6,1,1,2,2,2,1,"60,000",3,,,,,,,,,,,,,,1,,,,
hatton,7,1,1,2,2,2,1,"82,000",6,,,,,,,,,,,,,,2,,,,
hatton,3,2,1,1,1,2,2,"40,000",2,,,,,,,,,,,,,,1,,,,
hatton,8,1,1,2,1,2,1,"70,000",4,,,,,,,,,,,,,,1,,,,
hatton,1,2,2,2,2,2,1,"75,000",5,,,,,,,,,,,,,,1,,,,
hatton,1,1,2,2,1,2,2,,,,,,,,,,,,,,,,,,,,
hatton,8,1,1,2,2,2,2,"62,000",2,,,,,,,,,,,,,,2,,,,
hatton,6,1,1,2,2,2,2,"45,000",1,,,,,,,,,,,,,,2,,,,
hatton,9,1,1,2,2,2,2,,,,,,,,,,,,,,,,,,,,
hatton,8,2,1,2,2,2,1,0,1,,,,,,,,,,,,,,1,,,,
hatton,7,1,1,2,2,2,2,"65,000",1,,,,,,,,,,,,,,2,,,,
hatton,6,1,2,1,2,2,2,"50,000",1,,,,,,,,,,,,,,1,,,,
hatton,9,1,1,2,2,2,2,"150,000",4,,,,,,,,,,,,,,2,,,,
hatton,5,1,2,1,1,2,2,"84,000",6,,,,,,,,,,,,,,1,,,,
hatton,2,2,2,1,1,2,2,"30,000",2,,,,,,,,,,,,,,2,,,,
hatton,5,1,1,1,1,2,1,"25,000",4,,,,,,,,,,,,,,1,,,,
hatton,4,1,2,2,2,2,2,35000,2,,,,,,,,,,,,,,2,,,,
hatton,5,2,2,1,1,2,1,27000,1,,,,,,,,,,,,,,2,,,,
hatton,9,1,1,2,2,2,2,32000,1,,,,,,,,,,,,,,2,,,,
hatton,7,1,1,2,2,2,2,36000,3,,,,,,,,,,,,,,2,,,,
hatton,3,2,2,1,1,1,2,75000,6,,,,,,,,,,,,,,2,,,,
hatton,8,2,2,2,2,2,1,40000,3,,,,,,,,,,,,,,1,,,,
hatton,6,2,2,1,1,1,2,65000,3,,,,,,,,,,,,,,2,,,,
hatton,7,1,1,2,2,2,2,100000,1,,,,,,,,,,,,,,2,,,,
hatton,7,1,1,1,2,2,2,40000,1,,,,,,,,,,,,,,1,,,,
hatton,6,2,1,2,2,2,2,60000,1,,,,,,,,,,,,,,2,,,,
hatton,3,2,1,1,1,1,1,35000,2,,,,,,,,,,,,,,1,,,,
hatton,8,1,2,2,2,2,2,0,3,,,,,,,,,,,,,,2,,,,
hatton,6,1,2,1,2,2,2,48000,4,,,,,,,,,,,,,,2,,,,
hatton,7,2,2,2,2,2,2,66000,2,,,,,,,,,,,,,,1,,,,
hatton,6,1,2,2,2,1,1,"60,000",1,,,,,,,,,,,,,,1,,,,
hatton,5,1,2,1,2,2,2,"25,000",3,,,,,,,,,,,,,,2,,,,
hatton,6,1,2,2,2,1,1,"50,000",4,,,,,,,,,,,,,,2,,,,
hatton,4,1,1,1,2,2,2,"35,000",5,,,,,,,,,,,,,,1,,,,
202psy,8,1,1,2,2,2,2,0,5,1,1,1,2,2,1,94,80,1,1,1,1,1,1,20,2,3,3
202psy,6,1,1,1,2,2,2,60000,4,1,1,1,1,2,1,10,0,1,1,1,2,1,2,20,2,1,3
202psy,5,1,1,2,2,2,2,50000,3,1,1,1,2,2,1,100,50,1,2,2,1,1,1,20,3,3,2
202psy,8,1,1,1,2,2,2,210000,5,1,1,1,2,2,1,100,66,1,1,1,1,1,2, ,1,4,4
202psy,5,1,1,2,2,2,2,24000,3,1,1,1,2,2,1,100,52,1,1,2,1,1,1,20,3,3,3
202psy,5,1,1,1,2,2,2,7000,3,1,1,1,2,2,1,25,21,1,1,2,1,1,1,19,3,3,3
202psy,6,1,1,2,2,2,2,7500,4,1,1,1,2,2,2,50, ,1,2,2,1,1,1,19,6,3,3
202psy,7,2,2,1,1,2,2,250000,5,1,1,1,2,2,1,100,100,1,1,1,1,1,1,48,1,4,5
202psy,7,2,1,1,2,2,2,15000,5,1,1,1,2,2,1,100,100,1,1,1,1,1,2,20,3,1,2
202psy,7,2,2,1,1,1,2,90000,5,1,1,1,2,2,1,90,30,2,1,2,2,1,1,19,3,4,2
202psy,7,1,1,2,2,2,2,90000,4,1,1,1,2,2,1,100,74,1,1,1,1,1,1,20,2,3,3
202psy,7,1,1,1,2,2,1,15000,3,1,1,1,2,2,1,91,21,1,1,2,2,1,1,19,3,3,3
202psy,8,1,1,1,2,2,2,20000,1,1,1,1,2,2,2,100,71,1,1,1,2,2,1,24,3,3,5
202psy,7,1,1,1,2,2,2,100000,5,1,1,1,2,2,1,100,90,1,1,2,2,1,1,19,3,3,3
202psy,7,1,1,1,1,1,2,100000,4,1,1,1,2,2,2,84,82,1,1,1,1,1,2,20,3,3,3
202psy,6,2,1,1,1,1,1,8000,3,1,1,1,2,2,1,100,100,1,1,2,2,1,1,19,2,3,3
202psy,5,2,2,1,1,1,1,10000,3,1,1,1,2,2,1,100,100,1,1,2,1,1,1,19,3,3,2
202psy,4,2,2,1,2,1,1,9000,5,1,1,1,2,2,2,4,0,1,1,2,1,1,1,20,3,4,3
202psy,6,1,1,2,2,2,2,10000,4,1,1,1,2,2,1,26,9,1,1,2,1,1,1,19,3,3,2
202psy,9,1,1,1,2,2,2,0,2,1,1,1,1,2,1,100,50,1,1,1,2,2,2,20,3,3,2
202psy,6,1,2,1,1,2,2,190000,4,1,1,1,2,2,1,100,70,1,1,2,1,1,1,19,3,4,2
202psy,7,1,1,1,2,2,1,0,4,1,1,1,2,2,1,100,50,1,1,1,2,1,2,19,3,3,3
202psy,7,2,2,1,1,1,2,1500,6,1,1,1,2,2,1,100,50,1,1,1,1,1,1,19,2,3,2
202psy,5,1,1,1,2,2,1,200000,4,1,1,1,2,2,1,100,69,1,1,1,2,1,2,20,3,3,3
202psy,9,2,2,1,1,1,1,200000,5,1,1,1,2,2,1,86,72,2,2,2,2,1,1,19,2,4,3
202psy,10,1,1,1,1,1,2,250000,5,1,1,1,2,2,1,100,100,1,1,1,1,1,1,19,3,3,2
202psy,8,1,1,1,2,2,2,350000,4,1,1,1,2,2,1,100,100,1,1,2,2,1,2,20,2,3,4
202psy,8,1,2,1,2,2,2,400000,5,1,1,1,2,2,2,100,100,1,1,2,2,1,2,20,3,3,3
202psy,7,2,2,1,2,2,2,15000,1,1,1,1,2,2,1,100,100,1,1,2,2,1,1,19,3,3,2
haneda,7,1,2,1,2,2,2,.,2,1,1,1,2,2,1,6,3,1,1,2,1,,1,19,6,3,3
haneda,3,2,2,1,2,2,2,100000,4,1,1,1,2,2,1,11,1,1,2,2,2,,1,19,5,4,3
haneda,7,1,1,2,2,2,1,20000,2,1,1,1,1,1,1,7,1,1,1,2,2,,2,20,5,3,3
haneda,5,1,1,2,2,2,2,30000,2,1,1,1,2,2,1,7,2,1,1,1,1,,2,24,1,3,3
haneda,8,1,1,1,1,2,2,NA,5,1,1,1,2,2,1,9,8,1,1,1,1,,2,19,5,1,3
haneda,5,2,2,2,1,2,1,NA,6,1,1,1,2,2,1,9,3,1,1,2,1,,2,18,5,3,3
haneda,9,2,2,1,2,2,1,185000,4,1,1,1,2,2,1,11,1,1,1,2,1,,2,19,5,1,3
haneda,5,1,1,1,1,2,2,60000,3,1,1,1,1,1,2,2,1,1,1,2,1,,1,19,2,4,3
haneda,9,1,1,2,2,2,2,200000,3,2,1,1,2,2,1,11,11,1,1,1,1,,2,18,5,3,2
haneda,6,1,1,2,2,2,2,40000,1,1,1,1,1,2,1,11,3,1,1,1,1,,2,24,5,4,4
haneda,8,1,2,1,2,2,2,120000,4,1,1,1,2,1,1,11,11,1,1,1,2,,1,19,5,4,3
haneda,5,1,1,1,2,2,2,15000,1,2,1,1,1,2,1,3,1,1,1,1,1,,2,22,5,1,4
haneda,5,1,1,2,2,2,2,40000,4,1,1,1,1,2,1,8,5,1,2,2,1,,2,19,5,1,3
haneda,7,1,1,2,2,2,2,120000,2,1,1,1,2,2,1,11,8,1,1,1,1,,2,27,1,4,4
haneda,9,1,1,2,1,2,2,150000,4,1,1,1,2,2,1,8,3,1,1,1,1,,2,19,6,4,3
haneda,6,1,2,1,1,2,2,NA,2,1,1,1,2,2,1,9,5,1,1,2,1,,2,18,5,4,3
haneda,9,1,1,1,1,2,2,100000,6,1,1,1,2,2,1,10,7,1,2,2,2,,2,21,5,3,3
haneda,7,1,1,1,2,2,1,170000,4,1,1,1,2,2,1,4,4,1,1,1,1,,2,19,5,4,2
haneda,5,1,1,2,2,2,2,80000,1,1,1,1,2,2,1,6,3,1,1,2,1,,2,47,4,4,4
haneda,6,1,1,2,2,2,1,NA,5,1,1,1,2,2,1,5,1,1,2,1,2,,2,19,5,3,2
haneda,7,1,1,2,2,2,2,60000,3,1,1,1,2,2,1,8,7,1,1,1,1,,2,18,5,4,3
haneda,8,1,1,1,2,2,2,35000,4,1,1,1,2,2,1,7,3,1,1,2,1,,2,19,5,4,3
haneda,8,1,1,1,2,2,2,NA,4,1,1,1,2,2,1,11,11,1,1,1,1,,2,47,1,4,4
haneda,6,1,1,1,2,2,2,200000,5,1,1,1,2,2,1,8,6,1,1,1,2,,2,19,5,4,3
haneda,5,1,1,1,1,1,2,20000,5,1,1,1,1,2,1,11,11,1,2,1,1,,1,19,5,4,3
haneda,3,2,2,1,1,1,1,30000,1,1,1,1,2,2,2,11,2,2,1,1,1,,1,23,5,3,4
haneda,9,1,1,2,2,2,2,130000,5,1,1,1,2,2,1,11,11,1,1,1,1,,1,18,5,4,2
haneda,8,1,1,2,2,2,2,172000,2,1,1,1,2,2,1,11,11,1,2,1,2,,2,53,1,4,4
haneda,8,1,1,1,1,1,2,15000,1,1,1,1,2,2,1,8,3,1,1,1,2,,1,21,5,4,3
haneda,6,1,1,2,2,2,2,NA,4,1,1,1,2,2,1,10,6,1,1,1,1,,1,19,5,3,3
haneda,8,1,1,1,2,2,2,80000,2,1,1,1,2,2,1,2,1,1,1,1,1,,2,18,5,3,4
haneda,6,2,1,1,2,2,2,100000,4,1,1,1,2,2,1,10,6,1,1,2,2,,2,48,1,3,4
haneda,8,1,1,1,1,1,1,125000,3,1,1,1,2,2,1,5,3,1,2,2,2,,2,18,5,3,3
haneda,7,1,1,1,1,1,2,120000,3,1,1,1,2,2,1,7,1,1,1,1,1,,1,19,5,3,1
haneda,8,1,1,2,2,2,2,NA,6,1,1,1,2,2,1,6,5,1,1,2,1,,1,19,5,3,3
haneda,8,1,1,2,2,2,1,NA,NA,1,1,1,1,2,1,9,4,1,1,1,1,,2,21,1,1,3
haneda,5,2,2,1,1,1,2,60000,4,1,1,1,2,2,1,7,3,1,1,2,2,,2,19,5,4,3
haneda,8,1,1,2,2,2,2,NA,5,1,1,1,2,2,1,8,5,1,1,1,2,,1,19,5,4,3
haneda,7,2,1,1,1,2,2,NA,3,1,1,1,1,1,1,6,7,1,1,1,1,,2,20,2,3,3
haneda,5,1,2,1,1,2,2,NA,3,1,1,1,2,1,2,8,1,1,1,2,1,,2,20,5,4,3
haneda,8,2,2,1,1,2,2,NA,4,1,1,1,2,2,1,11,8,1,1,2,1,,2,20,5,4,3
haneda,6,1,1,1,2,2,2,48000,1,1,1,1,2,2,1,11,4,1,1,2,1,,2,73,4,3,3
haneda,5,1,2,1,1,2,2,NA,4,1,1,1,2,2,2,11,1,2,1,2,1,,2,19,5,3,3
haneda,8,1,1,1,1,2,2,60000,4,1,1,1,2,2,1,8,5,1,1,1,1,,2,18,5,4,3
haneda,6,2,2,1,1,1,2,70000,6,1,1,1,2,2,1,11,1,1,1,2,1,,2,20,5,3,3
haneda,8,2,2,1,2,2,2,40000,3,1,1,1,2,2,1,8,7,1,1,1,1,,2,21,5,3,3
haneda,9,1,1,2,2,2,2,200000,4,1,1,1,2,2,1,11,11,1,1,1,1,,2,18,5,3,2
haneda,9,2,2,1,2,2,2,55000,1,2,1,1,2,2,2,11,11,1,1,2,1,,1,25,5,3,4
haneda,5,2,1,2,1,2,2,45000,3,1,1,1,2,2,2,1,1,1,1,1,1,,2,19,5,3,2
haneda,8,1,1,2,2,2,2,200000,5,1,1,1,2,2,1,11,10,1,1,1,1,,2,20,5,1,3
haneda,9,1,1,1,2,2,2,NA,4,1,1,1,2,2,1,11,10,1,1,1,1,,1,20,5,3,3
haneda,6,1,2,1,2,2,2,NA,3,1,1,1,2,2,1,11,6,1,1,1,1,,1,20,5,3,3
haneda,9,2,2,1,1,2,1,100000,3,1,1,1,2,2,1,11,1,1,1,2,1,,2,19,5,3,2
haneda,8,1,1,2,2,2,2,150000,4,1,1,1,2,2,1,11,3,1,1,1,1,,1,19,5,3,3
haneda,9,1,2,1,1,2,2,NA,4,1,1,1,2,2,1,11,10,1,1,1,1,,2,18,5,3,3
haneda,6,2,1,1,1,1,2,100,4,1,1,1,2,2,1,6,6,1,1,1,1,,2,19,2,3,3
haneda,8,1,1,1,2,2,2,170000,2,1,1,1,2,2,1,11,11,1,1,1,1,,2,65,1,4,4
haneda,7,1,1,1,2,2,2,170000,4,1,1,1,2,2,1,10,6,1,1,2,2,,2,46,1,4,4
haneda,8,1,1,2,2,2,2,100000,4,1,1,1,2,2,1,6,3,1,1,1,1,,2,21,5,4,3
haneda,9,1,1,1,2,2,2,200,6,1,1,1,2,2,1,11,9,1,1,2,1,,2,21,5,4,3
haneda,5,1,1,1,2,2,2,120000,6,1,1,1,2,2,1,11,9,1,1,1,1,,2,19,5,3,3
haneda,6,1,1,1,2,2,1,140000,4,1,1,1,2,2,1,11,9,1,1,1,1,,2,19,5,3,3
haneda,9,1,1,2,2,2,2,60734,2,1,1,1,2,2,1,11,11,1,1,1,1,,2,67,1,3,3
haneda,8,1,1,2,2,2,2,60000,4,1,1,1,2,2,1,8,4,1,1,2,1,,2,26,5,3,4
haneda,8,1,1,1,1,2,2,500000,4,1,1,1,2,2,1,6,4,1,1,2,1,,2,19,5,3,3
haneda,6,1,1,1,2,2,2,13000,0,2,1,1,1,2,1,1,1,1,1,1,1,,1,19,5,4,3
haneda,8,2,2,1,1,1,2,NA,5,1,1,1,2,2,1,7,6,1,2,2,1,,2,19,5,3,2
haneda,8,2,2,2,2,2,2,150000,3,1,1,1,2,2,1,11,11,1,2,2,1,,1,19,5,4,2
haneda,4,1,1,1,2,2,2,34000,1,1,1,1,1,1,2,8,1,2,1,2,1,,2,18,5,3,2
haneda,6,1,1,1,2,2,2,100000,3,1,1,1,2,2,1,9,5,1,1,1,1,,2,21,5,4,3
haneda,6,1,1,1,1,1,2,90000,8,1,1,1,1,2,2,2,1,1,1,2,1,,2,18,5,4,3
haneda,9,1,1,2,2,2,2,85000,1,1,1,1,2,2,1,11,3,1,2,1,2,,2,35,2,4,4
haneda,8,1,1,2,2,2,2,70000,1,1,1,1,2,2,1,11,9,1,1,1,2,,2,31,5,3,4
haneda,8,1,1,2,2,2,2,200000,4,1,1,1,2,2,2,10,6,1,1,1,1,,2,29,5,3,3
haneda,8,1,2,2,2,2,2,20000,2,1,1,1,2,2,2,11,1,1,1,1,1,,1,60,1,3,4
haneda,3,2,2,1,1,1,1,25000,3,2,1,1,1,1,2,1,1,1,1,2,2,,1,31,2,3,4
haneda,5,1,2,1,1,1,1,NA,NA,1,1,1,1,2,2,1,1,2,2,2,2,,2,29,5,3,2
haneda,8,1,1,1,2,2,2,40000,1,2,1,1,1,2,2,10,6,1,1,1,1,,1,20,5,3,3
haneda,6,1,1,1,2,2,1,50000,2,1,1,1,2,2,2,5,1,1,1,1,1,,2,24,1,3,3
haneda,8,1,1,1,2,2,1,90000,2,1,1,1,2,2,1,11,11,1,1,1,1,,2,40,1,3,3
haneda,4,2,2,1,1,2,1,90000,2,1,1,1,2,2,2,10,9,1,1,2,2,,1,39,1,3,3
haneda,8,2,1,2,2,2,2,109000,2,1,1,1,2,2,1,11,11,1,1,1,1,,2,56,1,1,4
haneda,7,1,1,2,2,2,2,100000,3,1,1,1,2,2,1,7,4,1,1,1,1,,2,21,5,3,3
haneda,9,2,2,2,2,2,2,200000,3,1,1,1,2,2,1,11,11,1,1,1,2,,1,56,1,4,4
haneda,8,1,1,1,2,2,2,NA,2,1,1,1,2,2,2,9,3,1,1,1,1,,2,16,5,4,2
haneda,7,1,1,1,2,2,2,185000,3,1,1,1,2,2,1,11,8,1,1,1,1,,2,48,1,4,4
haneda,6,1,1,2,2,2,2,NA,4,1,1,1,2,2,1,8,4,1,2,2,1,,1,21,5,4,3
haneda,8,1,1,1,1,2,2,65000,3,1,1,1,2,2,1,11,8,1,1,1,1,,2,21,5,3,4
haneda,6,1,1,2,2,2,2,40000,1,1,1,1,2,2,1,11,6,1,1,1,1,,2,20,5,4,3
haneda,7,1,1,2,2,2,2,60000,7,1,1,1,2,2,1,9,1,1,1,1,2,,2,20,5,3,3
haneda,6,1,2,1,2,2,2,16000,1,1,1,1,2,2,2,11,1,1,1,1,2,,2,21,5,3,3
haneda,8,1,2,1,1,2,2,100000,3,1,1,1,2,2,1,9,7,1,1,1,1,,2,19,2,4,3
haneda,7,1,1,2,2,2,2,40000,4,1,1,1,2,2,1,3,1,1,1,1,1,,2,21,5,4,3
haneda,5,1,1,1,2,2,2,40000,4,1,2,1,2,2,2,4,1,1,1,1,2,,2,36,6,3,3
haneda,8,2,2,1,1,1,2,NA,5,1,1,1,2,2,1,6,3,2,1,2,2,,2,19,5,4,3
haneda,7,1,1,2,2,2,2,57000,1,1,1,1,2,2,1,11,11,1,1,1,1,,2,79,5,3,4
haneda,8,2,1,1,1,2,2,60000,4,1,1,1,2,2,1,11,6,1,1,1,2,,2,33,3,1,3
haneda,6,2,2,1,1,1,2,23000,5,1,1,1,2,2,2,7,1,1,1,1,2,,2,21,5,4,2
haneda,9,2,1,2,2,2,2,500000,4,1,1,1,2,2,1,11,11,1,1,2,1,,2,40,1,4,4
